{"version":141,"hash":{"type":"Buffer","data":"aAhah95s1q8dKUkiX/bV3FbFQ58s3LoSVZOwYXCSjfkMbIEmfcVgZFUcfhetoNy47El51ZGgtzcvtgVcEXl1m3N4vxOrGmA392HktqzyCR8MSzMDNBjf6H/cjIR9CcFkDIE811++dm5tF1uCQo1CZVCpVdXx/vgVO9n4QZGyRRk="},"indexValueMap":{"AZqMugNdsnwlIytp/hqKGIWUKoEhIgUwIvXmqmfwcJY=":{"valueMac":{"type":"Buffer","data":"pJv130GhLpJjh/n0L5+vNwCBy5oEGOePhEyOrwADssc="}},"AfsqM0LkUCFvbTi4ABWkqSCSbYKuBJxLjSIm2KyizqU=":{"valueMac":{"type":"Buffer","data":"faSGrnTC/B037e8recnyCFAa5k3Qzb11lSWJp9qpVIA="}},"A8woxQZJL50bGaaeFQYo0esgK7ijgRxeSrglsZwO19k=":{"valueMac":{"type":"Buffer","data":"hBVsDTcBqYojUyrKrINhKUkr0Wp7ZZGKzL7042b20nI="}},"BAyHRzPB1KdjMFwHS24kigkJCc9CQjSUMd1/B+GEntk=":{"valueMac":{"type":"Buffer","data":"oMS/Oq9dU1ynrZSlaJk7NQC9NQbNV6ZuCBAWZj7DArY="}},"BCB0a75jjlDHX9j2yazEQ8uSoRbV7kPMRfRwhPPwWbE=":{"valueMac":{"type":"Buffer","data":"uW8bvAirDkrNjZ3XqqXXnUXUS8Kwtj8dQrTtmFBDmGY="}},"BdxUunnEC1OOxBaOtgzRBB77jyJ035ChyYn8cVxg8sk=":{"valueMac":{"type":"Buffer","data":"tNrw7AF+hXWcoT7+LGtgtOp88sOZ3kCflWIUFTWC/AU="}},"BveTPtiGuoNZOMiKOiZ6hCad0Z4sEL3IXrq7FG0yrEM=":{"valueMac":{"type":"Buffer","data":"8Tq/lqJ4wqayVa9L0ySFk7euuvW2raoqmUM1Q20yrAE="}},"B1gXQHi0rqul1nKzilmOdSpvvD3mFyXcJbxkuF2tDQc=":{"valueMac":{"type":"Buffer","data":"F4T40qWyyRHQpVSXjRTTDitL60XDF1aXAJO8BgfstSM="}},"CG8T+hMHeXvlL+Nv1g4ArilL3iMC/z4xr28YkwZXlAE=":{"valueMac":{"type":"Buffer","data":"43hqJ2kg1ZpN1JukiAOmtYu3v8eplJwIOA1Z57IFzvM="}},"CItR46LQzLe/BvDQvU1DE+0TXFy7p85UbqsAxbQx4b0=":{"valueMac":{"type":"Buffer","data":"HIYWOnm8KKbwWmQ+37Zf8O1203lcOXpU6qYrYKZ78Tk="}},"DTosi3X9v0+K3hf0/NS4wIK50U8EVCiOC0Lwz0BYTeQ=":{"valueMac":{"type":"Buffer","data":"9HUUsyRjtP4IW1T2RAIpChfzI9q1gWN2SkeZynfEml8="}},"D808n4Zn6U+WE/KEc8CUq++lyPDBWm6BT3rhkATMSio=":{"valueMac":{"type":"Buffer","data":"7ZftABBkwGaLlaI7g1v2K+JK7nOFK/IODW72b2nq+Ac="}},"EBxxw9aaqz6qwzjGYN8grnjNvk0hVozs3ibNSPfTYmI=":{"valueMac":{"type":"Buffer","data":"fxvbg7RTLn49Lja1eVQguQ5eUMTmT9MAo2a/gmqs67g="}},"EX6Wm5t3NHhD9EKy8LLpWsB803AgJ6oGs9fpgFkYelk=":{"valueMac":{"type":"Buffer","data":"TS/dRpHfuAs6b6hvPprtMo9+MhwwwkerTOffZqwDdVY="}},"E4oTBAO9NFYaxaSI5nG1Sn16X/bixhMvEesOlmqgGs0=":{"valueMac":{"type":"Buffer","data":"/g2OADoYuDGINc+qNZZ4PCnS26LvCBjDmwdJYzyQXVM="}},"FKGJMDwR3GmF2T5g6Ai9Y4XIL2xZssjexQwresx2C+0=":{"valueMac":{"type":"Buffer","data":"49T8ydZ2iPUxg6qOREWBxTqZYqXlHI2+SBlXYxgMg/8="}},"FV9Ibq+WWz0/aEALKFMcUOjV06G1m3JM5SU7sx0wBGk=":{"valueMac":{"type":"Buffer","data":"e86tS9br5hUogE1UpJBPs3dGSLzFD+dg7e/1JvtHlJo="}},"Fpz050V4eUEYxp+Q2E1n++diQKiAC8VwKOCE8auwtCU=":{"valueMac":{"type":"Buffer","data":"J7+oQErQQ1HK0nBU2Vg0yALT9S9bWBIh/vguN/v76JM="}},"GP/ZnfdkOy/Q0ekOZfJ39H6UCsJEuQVU7za6veunQP4=":{"valueMac":{"type":"Buffer","data":"khNNUp0HO1MnDR3uY+mNOT44+rimphZajYcLA7RX82M="}},"Ge7gCEZx86QxQuRE4ZVPEyKGOyPBBSCYBvreL4zbKLg=":{"valueMac":{"type":"Buffer","data":"4WKfyGsqIPGDzvzY1Q2zQ7WSaXE+X9A6DXAnpG33udo="}},"GkAyNgFuM2oFn6UH00Qwm0XPpLJFvfXviwQLJsqDYko=":{"valueMac":{"type":"Buffer","data":"iu2atcFGMgt7nOV2VULjOf3HPOC0Ws71PtQUcEcHkXQ="}},"GnyhbLm/tMINW0op/CmA/fObngiuCjX63XAp/L0uJ+s=":{"valueMac":{"type":"Buffer","data":"gZgGal3m2whLPeyYZUQihxeCM3T1NFTbrfdKsvhVEs4="}},"GqCUkOvi9FGPG9Nb5BRedfh+q7k9HOmfcSSPdxpz9KU=":{"valueMac":{"type":"Buffer","data":"AF6WJn1pYvRG1Fanrp/4WcVRinTxnI3BYW3nBO0AnKU="}},"G7iwdhWDvVgXuVx0L1eekOy1ojca9XbfWD/mnenNfDs=":{"valueMac":{"type":"Buffer","data":"fmU9vg/cF/psv+Bn6R8D6iq86fNl0FUAtLxQ295RISU="}},"HOcA0OkvMgHzlmWnO17kiy87MRPa2mfz3ZKrhFoWq/M=":{"valueMac":{"type":"Buffer","data":"CCeGxjD2X/MoQKpz2v3plI4QSHQz+XRbfNkPcEhN3x8="}},"HjR0CybUJblzhTrS9aS3l6rpzSL1C/rszkmiA9TfNv4=":{"valueMac":{"type":"Buffer","data":"rsKtoXKFf6ZLt8+6VA7UJ0BhW49wATrNwiq63VJiL+g="}},"HzdRxrSjx3Suoj7yGTNN27wZNj9Ybt4wnVgwbjanlRU=":{"valueMac":{"type":"Buffer","data":"URDeoo1iYq366pMkL6Z0TTnJNvzLiPZnP28dAnOzKNE="}},"H84boHTsp7r3aiPVjC+6uWGJ1Cw6gCnggu2K84zJiuY=":{"valueMac":{"type":"Buffer","data":"PzFHVxp48dGvBEbBSv0ahGTmaHPI9i9rBpaSD9Thxbw="}},"H89TlTg2qm0qlX4XKefZSuGGIZLCfKXt7nebVCGdes4=":{"valueMac":{"type":"Buffer","data":"L2u0AEf+NC4Y5duOa6wIw8Ei2HAraxOVvWkgSwcpyyA="}},"ILVajt5gIho/Qccee8EZ5/vCAclH65DQJSGwWs94cKk=":{"valueMac":{"type":"Buffer","data":"SBLs2l1sQy9lDgC5gs3J8wqTB+oXgfe9gwa2pbGgf1I="}},"JLMXvfmggUGYmFyTmxdSdchrmx4NlAdIRypUP60/V6U=":{"valueMac":{"type":"Buffer","data":"Hy0A68g+2DTcv0rTdYbnwt7p7+JfYGJFyhcrhEKUjqE="}},"JNj9Olqhkt0p0RQOZE71d1hz764SNHkJYCtEjWsJ9Sk=":{"valueMac":{"type":"Buffer","data":"3uEGzS2+lCnEGC8YiBlyPx6HIuCr/mRsktulmgIk5zQ="}},"J2FaqMWNKy1z7c5OvF8tXvPy9h7tj8uHx+dNasLh2HI=":{"valueMac":{"type":"Buffer","data":"AFYm2UW6lcedmGPYdoBXWq2BKT06AZV6rtgiLe2v71Q="}},"KOGXGN/VJlvym7BibMrGYqj19VdMWeoZNE8846ls23U=":{"valueMac":{"type":"Buffer","data":"34toieJU1TLlsmWxU9LrprjH0YD1LJ+MtvmAr8QVzKs="}},"LglAQ+lozVrff3ui0yH/579h60yusLAT8ouxBOpXFq4=":{"valueMac":{"type":"Buffer","data":"Zir+dpJD8J/MUueUZPQSHOZYsW9BPFOWfsVnRiySFXk="}},"LxpAGtnt4e437DL06B/+cd+QiWca5Vb0Dg0YDGWL4lQ=":{"valueMac":{"type":"Buffer","data":"8RM/ad6k94GRAjUruLjJtjX0gyAgjqH84C/o3JphYv8="}},"LyV363A/SE4kPQKJun2mzBxaf1vDWZ3+Gz2Tc21iT7g=":{"valueMac":{"type":"Buffer","data":"/sU4rKD0Bptx2ZXaN36HAoGEDdKYywjDMxz3FHNelcM="}},"MhMxsBq3zmgUUdDE1dqmzxkNmnO7XPt2aMMTiR4r3sY=":{"valueMac":{"type":"Buffer","data":"Tnotz/gYVl7gad1skwtqp1dy6IWiKTRQqs6layFilIE="}},"M7krdHTzWTP1VJOubmAKSfuI5g+YDEe7DX4KgPFJALU=":{"valueMac":{"type":"Buffer","data":"Yxd8RmVSswkypU7bLUrM9axKuZOj43zzEK5WJw21KNQ="}},"OV2beQnEqzeWtoMEnp8SRSOX1du7AlXqKyHgTLgwIKo=":{"valueMac":{"type":"Buffer","data":"kOOjSbSRk1J4W3VGL8RhrF/1dCx1CQDoNasiscfvuo8="}},"OhB89zeJDOSH+1JMdPO971EVqg6GcSm83aiwT2xzds4=":{"valueMac":{"type":"Buffer","data":"99VrLrG/AIH0PzROmleg60NMowblWY4kdAqSWCCJ4hI="}},"Pi+22vKYBUujVsiTPsc3JmSwGWsHCfvGGzSgftXKvxg=":{"valueMac":{"type":"Buffer","data":"0rvH31KTr9t16b0US7dc1Mh+zbAfKTrX98IdoRYVQqg="}},"Pvw05Vk9BffIR1cw01WI+ERwYwlgahz234oybwF+PqY=":{"valueMac":{"type":"Buffer","data":"i5+JlAEYUwXi6usK7bXGwWe68g7S0yYK4Xq0FELeF8I="}},"P5n6JcdT/71ZT2FEPO8eBdZbRkrtE5g0EsvuOaesgjI=":{"valueMac":{"type":"Buffer","data":"wzTrFU8rpscK37gYVMK4Fks5WD2aWZbg8MM9effp6qY="}},"QNB5+xzETHaNxdnwLSY3Az7mfHZzncxorqV8AWgl76I=":{"valueMac":{"type":"Buffer","data":"Tiv7m1To1pN08v6BBpcwRtf2UvGHuIx7nltY5iYfr7g="}},"QVSTSoXIrk9/Lkq2xHicWE01jnJjM/C1dpnD1elq2NI=":{"valueMac":{"type":"Buffer","data":"3XhrmjxOwONfv+CaAmaHxf2dXP+FJAaRrMq9DiPajlI="}},"RbUZnXBdjELUS5n06TOEQ2LwXeGpxgl+3pxbPE43+Pc=":{"valueMac":{"type":"Buffer","data":"CmMlnfARsdu11ytjlWhzWFv9ecoB3KCljtdar4jePPg="}},"RqvbS9Hwm8zlRC2UWbmcvrdLV6U+lStAZqJvZRCiA+E=":{"valueMac":{"type":"Buffer","data":"5QmgEFdyJyr1LJ/Cwmt+nnnQUPHvxO/e2345RaT1PBY="}},"R9urdDsZh0ef0CsYeTzrViLSbgUWnH2S3KTk0JQoY1I=":{"valueMac":{"type":"Buffer","data":"449HZMha0uwViIWBPwZeR4nNep4VXFmdfqJZOcnpG3Q="}},"R+mN7pcFRgU3WTm4p3yYzwGAsPG+PYfSz1ShSdH8CQo=":{"valueMac":{"type":"Buffer","data":"TLlLaYisqoFNEE9uEFw0fhvn1cc7ulgi8mhtpzigz5k="}},"SHq/9quHrbAQrnSvGsn45QUvD+Kb5HQacgEVGR4mg9A=":{"valueMac":{"type":"Buffer","data":"0y6/fsSJacRrkEu2sOL9STjhZZw4oG7XS0PeNtXH9xE="}},"SKUCZVGd27WjsZeiucwbmKgcvhRCHas7xFXTQse42Ek=":{"valueMac":{"type":"Buffer","data":"tMknC4k7YJCWjAPU14rbVPH+fc/d3DmLeyxgHZ1Qzk8="}},"SUxuL6W53Y9JbAbWyrzZ9M3kE0/iEOZC8KsUpJO8deI=":{"valueMac":{"type":"Buffer","data":"nES3VsunCuqA1tUwuqGl5vKbQHMEVv4GnvOdLyIt4MU="}},"SY5jMYOPetdhR06jzx/SYVekL48WMocV3Lqf9hC8+9E=":{"valueMac":{"type":"Buffer","data":"b9V6MzI5qG90+JkYMbXYW8u519cTowtzJdKTGnL8jkk="}},"Sbf0TZM3/hDcN4XB5xX0lnSAClLjFk23faXscuF7+1w=":{"valueMac":{"type":"Buffer","data":"xodoDQSzy5VwSIPwbkmAAslDT+3WuKywA9LIodvzU28="}},"SgZDFmXIpn0x8QyhZTENBMcvc24KWuaJYFqxyL+w47c=":{"valueMac":{"type":"Buffer","data":"H31//U7YF7uB/3+0tMf1hRj5OSuSYjid3z8Z55P0mV8="}},"SvTUi2RTUgmQSvN3mWa4C7oJvWfVT0xPs/HDGX+Dzig=":{"valueMac":{"type":"Buffer","data":"ryjaYajOplc8lNaCWQgZ/8yokBXFmnRhzojQIrdDkS0="}},"SygRBDRctnG/3FDgjcmwo+i4QV+110P22jR5hCNJLNE=":{"valueMac":{"type":"Buffer","data":"Kk0VxgmnCiUjWPyK9mpvNQesXnL1j6c6etu3jQmLRRk="}},"S2jWa00M3tjyHdIVzdUxsPmF1sI1rn8vvCBsEiq0W+4=":{"valueMac":{"type":"Buffer","data":"Y6CyXYf4qQgy6xXUMDAwzn1R4sGKnKWI9j8QHkiVyrw="}},"TSWC2BkVbRR8Uq9mKpHi/A8Ow4v9GlhZnh5xiy6zj5g=":{"valueMac":{"type":"Buffer","data":"gj13pmsom7MjD7XCzofo94JNDDf+YdMP/BMEN7DjI+E="}},"TTZ+TVPUhwRXPMMz/2Kgf9/XcrdFLSpYXw1+iZGkuqQ=":{"valueMac":{"type":"Buffer","data":"S0StBM5me+PS+OoW4mYrh8laZ9VqJ1BIdOFyltL5yqk="}},"TjG+Twgqd5/W2MWtfteDeFmsa7uwac2IGJwh6hHz7A4=":{"valueMac":{"type":"Buffer","data":"GvYF22AWP54prIekZOY7s3DRMLrog+Z6mcbJiYtGeyk="}},"T/uyQvmwIFhoLVrzQkKzPRuwo898tCLUekbMZyL6JeA=":{"valueMac":{"type":"Buffer","data":"QtWW5T9v77BV94VenrEB7Um7kimoOwxmpn5p0R+o2+Q="}},"UFmJlcyTXQaPy08rIgTqpo4TqDXalOlGnV3TrUvW+4o=":{"valueMac":{"type":"Buffer","data":"6j0s/C8OrPZDNbLiaKjpj9TtMicMuR1GJdzdf0RTdP0="}},"UzoC2Yhvy0PF8OIJ9D4YrzYWsniEXSyg3dQoQ2T2eMQ=":{"valueMac":{"type":"Buffer","data":"zPxceJlI0iItP+K5uTludptLjPDGapE6JpJVGImFdHQ="}},"U6usuj8PQENrr2RxtNecu/yKWd7QxdxPiEhJuLgAztM=":{"valueMac":{"type":"Buffer","data":"dtGK7m6bpOrh1CJ2TMXXqdeV5qa/FIN5bZgWlFuBw2k="}},"U72e2MW/8ukWrbr7JU7TSrxGJ8onRGH1xQfbwxbh3A4=":{"valueMac":{"type":"Buffer","data":"K3l3isKTHWRsJIHmTJCNPxt6MkDJlzJxHVFoxi37FZM="}},"VKAtULT2nrgCLsSIjLHWgwMK8wudrlDwWi+HIf0Oj90=":{"valueMac":{"type":"Buffer","data":"74czWLB2Vkuser3gHtmaDbjlf9oXNUlRxJR/jXj8cW0="}},"VKH/8FzetAe/q5AtyYwBi5AQoT8foLFkV0n5HoB6Tyo=":{"valueMac":{"type":"Buffer","data":"MMVmu1ti+k35TbjyKpirAVyAV3ffrEF27zqUS9xO95w="}},"WHac9ehoIxYIzzyLFzSrGTQEue+wzSjRPyEeLn0/yIo=":{"valueMac":{"type":"Buffer","data":"8UHhrXMXca5kV47ErbENrtKeK7yzNyMh3bLnFTzDGSc="}},"WROTsh1ZKaICKrkbQtnCoycgO84f/6Ub1oLjQ4cWOJs=":{"valueMac":{"type":"Buffer","data":"N2XsaatI8yJrIGF30TNku/TlVWEjXqqLGoeSTxbw0ug="}},"XPB1hGl/rts29cKMGFhDmn/C7qpTI2x6lmTVeaLmCRU=":{"valueMac":{"type":"Buffer","data":"A4ODwu7TcoUQY2hkOHA/aA4YBEYRuneN5flIirHQF6w="}},"YUZwRT1H1Bpdg7SfScUqAFhCbQCtMT18ZNPH5xpHWug=":{"valueMac":{"type":"Buffer","data":"Go7RUNsQRcXuxBfuTmYgZqv1cHkabW88Qnfodoy5wss="}},"ZEHjmtnfOQ3KvGdpOZirqDZ7iKQruuDUnAxXHIZm9pg=":{"valueMac":{"type":"Buffer","data":"bbUf0fsbelAmEXI/TFrL8m6ACSoJyDx7X2Q00AsqmYI="}},"ZTOoHcDjNMOUvxaqP4ai2A7PrsRQ/pa1S74z00fAU8M=":{"valueMac":{"type":"Buffer","data":"TVe0hRclbS4nRESSvHdG+ItMx0K0/n2nsFLk195sA6w="}},"ZTs/jSA9HmZGGKgaytb0eDP+gJWgqOTBjmEF0QldxhI=":{"valueMac":{"type":"Buffer","data":"hfbTzN0iJ//2mpU4v4t+sGh4M5w+FiK+t3Ugl5m3/SU="}},"ZZiSfonw8ZsmMue6VeZqrLhW4rIyVotZDv90d70jcxA=":{"valueMac":{"type":"Buffer","data":"rwyw3AVd+9Fov54UYSOr0cA6F03IwfghApGdFIg75yg="}},"Zhsg0tCjHvewIvSsVZjPr2TGwe98pnPeLPxi18p/X1Y=":{"valueMac":{"type":"Buffer","data":"qE09tIpyaXhdylDH2ir/VID+H5e2qpJSQzMXtSv+zzY="}},"Z24mEIX855e3FXbVOw8OqbiHsIZGWL/Wj/p7/0D2xG8=":{"valueMac":{"type":"Buffer","data":"zDKdc2ujNn3PJtIAY4m/jS9CLiatzQ6PpXOH89h4TsA="}},"aCS6TL/aeD6gM4y8pgalFlU3NKoD5i8VCLsGY8xiXZ0=":{"valueMac":{"type":"Buffer","data":"6v/+c6UdGhgKjWrgYcSS02Phrx8xF1nExS3U0rpltkg="}},"bcpkTHH1QU/SVgGQP8nnTzFsaFaEtGma70NabdZCtWQ=":{"valueMac":{"type":"Buffer","data":"dow5H1pqenOUwOBGSoOr8kwApexIjvf5RqyKFLm62qE="}},"cHXebP0ZE8YdzLALLWL58Jt9d0hAvz26GQ6YYZClGf0=":{"valueMac":{"type":"Buffer","data":"cne4yKVLV+FYcpVL4SNb1t5UlKmV6nfiQtYvSA9cEXs="}},"cOVfPW6TYCGmvNmbM7ipkBR2hfZeoDTUnc0qs3HIBcA=":{"valueMac":{"type":"Buffer","data":"scV0tt4PDijYU/l/iW5+d64VYyft9rk1WvLD90O1XWQ="}},"cUz1Mpg2LzJSX6tBG4UY8p4OWdrs0CXVDPPMSZeDAi4=":{"valueMac":{"type":"Buffer","data":"2/nzUJ4e1kKIUxh0nBYUjLiO8P/ADL5jD6zpg1Pup0c="}},"cWzYEmrrqNBNxLKAhuuSW825y0MTUa1i/Y0UG2CZfH8=":{"valueMac":{"type":"Buffer","data":"b/mBjtfh8vP0UmChQ2QJKkWIpYaJpNvc8UClpAofarY="}},"chTKGZco5UBSTIGcjnBT4ulQm7/6/8zK+6WPNRZmzRw=":{"valueMac":{"type":"Buffer","data":"SQ6IOfyh8zjv/Z1oDKOUcKGG1+2mxKHhexJ3S6hpau8="}},"dA2R03xmt9z1JDtP7KIt5CyCi4GwEKlzemylfXkTEpM=":{"valueMac":{"type":"Buffer","data":"axFbKqsCuy3+cTREegEau9okjWiTsivMF0gBMVKr3/8="}},"dzPMWm52LRfQT5eAa0LMwmDmBOTMBt1EjQW0erQEoiE=":{"valueMac":{"type":"Buffer","data":"Za/OKjp8IvULBIixONAlYDBib9mVxRtF18EJiaZVATk="}},"d8/AZg7a7DS6P0BRaiMejksyxZ27/0BqNRmnLdt6HJg=":{"valueMac":{"type":"Buffer","data":"JDfMTiycYkFgf42d0mSnjvF8RMpCW8P2xz/A8t31yNg="}},"eKx9WOHvCyos+qKxZgnW7Rzk7sMifPlWM/EmLhU9n+Y=":{"valueMac":{"type":"Buffer","data":"pjLeZkkEzsDtaQDhJpmdGoZ/16tQjAfN8lTLIJHBpSs="}},"gDoU+Z+0e+52VeGWuSUezlGaapgR7vMo5lxVxc01dmY=":{"valueMac":{"type":"Buffer","data":"9pLgjJI4rc9I8cUIgVneEw4R5iZ0DSMdtbfMaBhrls4="}},"gTsKnRNKPYNPRF9fdolpP6EAYNwKUcVD0ZIDl1HDbBo=":{"valueMac":{"type":"Buffer","data":"rrTy1FVH5hAyEApUYApRo5ChJGdPjYb1YyGNr1MKgYM="}},"gcxH3KUXyiBze+uq6ohso9fR81O+HlmpPpC70P9WIMw=":{"valueMac":{"type":"Buffer","data":"umgyU8Drxmlb81Mi9Vayrn70Eb1oAqNfZWI9vAmM2tM="}},"gmtB8bCPtRU2jiVenNNjTdbFLpDJfUkFq5GLKB/bwNo=":{"valueMac":{"type":"Buffer","data":"YEoOI8d8yASDuKu6BczrR3xBBSFF4lECRwozMj1LO5Q="}},"hFaIlL3W17moa84u/MLZNCyZVnA2ujhLxJSAZ6eYNfE=":{"valueMac":{"type":"Buffer","data":"XW4lsFxXUANiFqEOYoQXeG3xKCuV0qusv7aWbefZc1I="}},"hIWkHoeRx5GmOMx83H3tmCI8i2dot4yWy1HPJ+//B4o=":{"valueMac":{"type":"Buffer","data":"TnxTp1NMF+oByEfyeh5n5DBhDC/HfQRULBbG6k9rTxM="}},"hQ4suvd6BwwXWFcGkCYtbFTCxpwBnA9BdcVCTZwfWdA=":{"valueMac":{"type":"Buffer","data":"LzjK+RswYVRxWqFp3OhbRCZ4WfoGE8VCExbW3YRLMDk="}},"iHiu3Tw3feecdwGPbCD21arjHAoP5q4R/+VE14Osums=":{"valueMac":{"type":"Buffer","data":"mDOPzl5F4GkX4DjtxQH+XtURMxKUEVRGWwKerqCOprs="}},"iVZZs6zW1U7iI4NyHNjyjYTc1tcdyofSNTnp5EYJAF0=":{"valueMac":{"type":"Buffer","data":"5eRcFIEW7YdGsL2aE6f3Qf2JfrjsKY7+ucZfV1CTNSQ="}},"jDmq/owIIrXK0E4B9kpRg6FBX56SfGt1bEq3sCyzJvQ=":{"valueMac":{"type":"Buffer","data":"W1Y+jlDdBKfhxDuCG24ykvUkbBaXJgmw3I9LBV42y/U="}},"jsUihwVF5fN0llnD0ue+HPEZ7oMpDU3YTG7aYiF/q+0=":{"valueMac":{"type":"Buffer","data":"g7FstP+i+iFP6xUupbSsCgQ8YZhfABOFR7gWjmbcZBY="}},"kX9rmW14qAtTCt9lfRGm+1rpOS1FSVU/oOlRFt8RmVk=":{"valueMac":{"type":"Buffer","data":"CPGQlR15ysOqZ958SJsPDrFmHGEVZyTKn3rXfsjRDY0="}},"koKvGxi50bzP7ADL5Q/UlEgCD2I/VpEL7eAXfdz+Va8=":{"valueMac":{"type":"Buffer","data":"Peknc6m45c/h+1r4Q7Y91duUYu0wHoI1+679UWUovm0="}},"kquPK7ry3gMda6LQdB9pjpBFT0F4Dl54UuC+7RTtNzk=":{"valueMac":{"type":"Buffer","data":"vSTQR5xK3NBecQxCDlp/uHc38aP82MbhwrpznRXodvM="}},"kuGnPkDlFb2ESBwLCk0NHd4cNGW69ZLLtUf7Nd1GLjA=":{"valueMac":{"type":"Buffer","data":"GKHll1ZJ8+gP0e9LgGe2gAo+oNBaMhzIuZ3c7dG7lJE="}},"kzo7JhetprXZZLEsEuB4ioezull9dj7pB7jbFAozD/I=":{"valueMac":{"type":"Buffer","data":"czkCSqiBOQ4m+q0I1ZaSLO6zhlEnsrjUz32/2pmaI3s="}},"ljHI49HqZDZ7OJUIdPdaYolhANg/tuHYvn59rk9B71Q=":{"valueMac":{"type":"Buffer","data":"XkYrwQw5wi/oe1L43j+XSigpQKDhpT2lf6QVQbw6vLo="}},"lkvuMlJeigEyyye7NgOf3Jxpc9HLD4U9lae77wtE50Q=":{"valueMac":{"type":"Buffer","data":"Qs4nq8WlTz/fS07gWgBnKA7erhi+09npSlFW1RSNkek="}},"mAtytWNkEo4pxXIw7dkaxtpyKP2zq0W8c/EwUUosc9Q=":{"valueMac":{"type":"Buffer","data":"zMFaywzpYgHZ5t6D0AOOvW7jbnOznuarGfKXFO+jVwo="}},"mTHkN9f5rmV64UlGdfgms/l8/BmtejoyVvRKCJLMww4=":{"valueMac":{"type":"Buffer","data":"jJJVuTFl0bQJ5XKUgwMK6wQ1OsaJlMAmQrCREInctsE="}},"miNPUJS5aj5y0EfmSBvqcC0yaikh9553mOZhP0zAB4E=":{"valueMac":{"type":"Buffer","data":"EWhyO9r8iKjUbTI/WB0mvWSPExsj0ERHXggnOwXx1dQ="}},"m2Hpyq7+DeXHDa8wd8VwHb60TxXwXAf2dmEvMTZN+wc=":{"valueMac":{"type":"Buffer","data":"IW/aBSeaxhFUDmJ6Pj9FTprYEeHM+j/AmnwEH7lSJrE="}},"njgdXrCb+oJQVVdyP4YSvGdRdnjR2KMCZ1lz4kmBDRA=":{"valueMac":{"type":"Buffer","data":"zU0/4qpoI42gF6WgLWlkPxyBdTxHdvbD11Bl/CjAa20="}},"pAeh0JKBT2Q++gPv6YAlRfKB5oXSfr81FZyihZStT4U=":{"valueMac":{"type":"Buffer","data":"+IZPUsLFpakrKzEEbCY4dRbV4mZRsBIE1Jm8orw5XgM="}},"p5xVCiZ1h3NlVJEqnQszDr3slfYC7gqZ9xX8/9yChbg=":{"valueMac":{"type":"Buffer","data":"bIZnwjuhA3CQVUSKRjtCuGF6xqadkau/lWzOJgfWgp4="}},"qNaHpOWFh1gy8aDwIG+tgvuBDcb59DjWRWHqx1GdI/s=":{"valueMac":{"type":"Buffer","data":"GCSW9h+c/2+dNfYGKos6Cg1GzE2u5mEuU+iPfCKHWvQ="}},"qRnESh+i5jJZXtB1QLtyt2RQ0L/HXaQ4KjWWR9KQfX4=":{"valueMac":{"type":"Buffer","data":"H9ahXvnnoj5UG5p0z8hslW1Ak9m3tdEOoj9UjvEOX1k="}},"rDmGKFaKXmSYYpcj1eO8ODFGIkRJOTQ6N4nbrStHswI=":{"valueMac":{"type":"Buffer","data":"QW6MxwPumBieFQ2iv7NxDshWz1hwJGbv31LRh/p5RS0="}},"rKg2IF6Tw6bVvt2hDhsHny1PL1Wfju/Xah9D0IkM8LY=":{"valueMac":{"type":"Buffer","data":"8SYbFRSmuOKvNCylIz3+ZrkTBJ+LFNM7paK6LZmhZxM="}},"r1Aepye+TeySpQ9PvjZ1IOpaattFq4im60RSpdtkn2s=":{"valueMac":{"type":"Buffer","data":"7VtYxLXsnn8nOnBW3XZKq4A2Jo4oAR5903W0gphovrc="}},"r8sAFqrJBLwolleNfucJfp1cHV+HYMUgzqE4TuMkHiE=":{"valueMac":{"type":"Buffer","data":"OQwHbzROU4opJ6sow7/gvR33Kzj6cBp8Gz2/RJ0Sry0="}},"sdBcxbS1txuRJ5a8Wy6ZkAOU9oRSk6NoZDuRbv34x3Q=":{"valueMac":{"type":"Buffer","data":"CExw/y7y8I0BUFcdXLxnUbxrXheb6Znx5/20MIPCldI="}},"s8AGFDCaodI8tIh28BSWwWGMT0Yo0/zuRunQXHUMTIA=":{"valueMac":{"type":"Buffer","data":"6rWHPLBbFcfEvIMUwnCrITAwShyNOATsijlPe15kSgI="}},"tAkhBHQIeUp1T8yaD1VXx4ocOByMijuNqdxkF/DUa7E=":{"valueMac":{"type":"Buffer","data":"dn3EghJvESl8QG8Q5nNLrW/M33pJCBVC6hRAmEV546A="}},"tSeH+UgOrDcVK0HpGCpdQIyAEl2k2li5EF/qbX7JXfs=":{"valueMac":{"type":"Buffer","data":"5Ct99dQ/qjzTdzz4YMDZiFEqL1fFtFwmCXoVXPTcL/c="}},"tvspVRkrgNaRxtlvYKP9DxUPvfSu3xhT5Nbns1AwZN0=":{"valueMac":{"type":"Buffer","data":"1kf+TtcsVQY48o/AxFTtAiAsTM2UMyBhwMhot+Obxvc="}},"t9gV9aV2DSNu7zpUToq2kV7iEiXPwI7oBvvsgDac7oM=":{"valueMac":{"type":"Buffer","data":"Gyh0Yuy/ghLS1tGvGpDBFxya199w0/1CFddpLwMo0IA="}},"uFic2bXlGzssJ4UJJqajsbbt/OXtq4olvasAo1A4uDQ=":{"valueMac":{"type":"Buffer","data":"iv2H0vlU4XmRZ0ylYIfwha8VzRy6WEznlLuVB0R+gRs="}},"uIrU2uZwg5LAGs1vgo+AUwkImb5lxczC5h1KWQgOwec=":{"valueMac":{"type":"Buffer","data":"zw5vtNRnc2UZG3vHiJVJj9cH4bNiewaDl5cu5dK7HRA="}},"uJC8vdN8rig2sOMwuxCe79t61Mr8To4bQbE9XjAQB5w=":{"valueMac":{"type":"Buffer","data":"WU3D7f0YeiEk3/xj/t6P81yeEy6r9Y4/lO/BqcPsys8="}},"uS9viHiDNIqqYSW/0Lp/1ZnPmrkb4vC6zL5ofesfrH8=":{"valueMac":{"type":"Buffer","data":"XJkn+edc7C+RavdX+IATtwEAL0q7NjET8CQNT12cJHE="}},"ugSXyHGHG4P4dBtJs81z4ded+Z3yb+VGvkLhUGoiE+M=":{"valueMac":{"type":"Buffer","data":"839DWj8lnm3PWpfs8xofRNGrbk6f1RycBfEcFobWFRQ="}},"uyWmVTr9SQpNPQgdUZnbEQepg+d9i7feYkf8/PT2EiY=":{"valueMac":{"type":"Buffer","data":"FwC3eHaWkbfU3adiG98w7eVB3nhzkL4naqqt+jY8Mr8="}},"uy8oatr2hBD3h4FuxwCDceIp0ueXZlwrvGSxXcHhLxs=":{"valueMac":{"type":"Buffer","data":"vlf6O/PmSCjvEx4jJc1wuxh5FZXVBVAAG9uIm+UGIVk="}},"vD8zQfCwna7qvyX41cbJRsSlte44FltkJaekaBFPVVQ=":{"valueMac":{"type":"Buffer","data":"4v3AvkBEIoJUPlwGXxu5/JnCgUM9d6uUvWz6zz5vFvM="}},"vTFtA06pUjNHtPWYQWupyVa0cW2wq6/4iEy1hDe5ljc=":{"valueMac":{"type":"Buffer","data":"jasr9MpCxxEjKruhW4YBNlxDMoFHiV+RQtE7uHH4MBs="}},"vbSd/6lJkUYVu1ccdREAC8EECTIbgrHPD9OJlZUw1RE=":{"valueMac":{"type":"Buffer","data":"EiSo5HQbXhHnx7Phyj4UdW+1lFqPZ/XGkjIWnkHWXoY="}},"v2+E08v1L1tIbkKJaP4msPql5Fwm4XB0F2oLlIVQjKU=":{"valueMac":{"type":"Buffer","data":"tydZH11d2rzos9RAQzxmfuj2mjabu+P0nFqj/tTFOeE="}},"wJkRNntfHXKkKUuisyFcdHU1dweP7fdtIsjjTmUGmew=":{"valueMac":{"type":"Buffer","data":"y2jxjR73F3aZkA0F3LC7/IfTbdsXdfPCw91UPcs8Mjg="}},"wZ25x5JlLDqQWCRrRg1Tw9cpKKLzf91/BNAZUuH+W1s=":{"valueMac":{"type":"Buffer","data":"eHA8ubOH/2LEZdRm5is0R5DBKKq5tSAn81uq1JsdqCU="}},"wi5TEIbNK+D/CCdmQaZUVzfpai36hTy1jyAvSZY0PLQ=":{"valueMac":{"type":"Buffer","data":"5LzVA3VfKUH4lYyGdKaNEUL+1/iEZZdxuDpRL3Re4Qo="}},"wqMCa0RqjCv77rgQFFf1zYVfECLbk8mwF6CB83e/VQ4=":{"valueMac":{"type":"Buffer","data":"k1y0D4sd2o5NM4+iwY5MVFStm3JHklEGWChfb30iddk="}},"xMZDxVC+6dNk1tELvIqP/sotHQjzIxfObZpS4LD/NRM=":{"valueMac":{"type":"Buffer","data":"8NT4qpwXxu2FvbhsvhNspHgnwppwMZ+IqwHAdNocCoo="}},"xYXLkQDu+KNpYJ5XuIH2iAdiS+Zi7K7GDR3ybdKk8Xw=":{"valueMac":{"type":"Buffer","data":"XiwmOkuyfsIJi1TkAbJlVd2h24Xl3PFxP9Q+EweJ0NA="}},"x+yoy6ENE1wuzY9WNGW6sWsMfk9rZRsZT/Qa3Nu9rfk=":{"valueMac":{"type":"Buffer","data":"0kE+X9BEejDdXWpfaQQGtE6FIXCS0xRkr5XJm9oVHZw="}},"yX32yh0FJ8Uo5L+RyQF/dIPresHRolVGYT1aBEvjrVI=":{"valueMac":{"type":"Buffer","data":"tQzsbkwi/gNAMiRh1Lg3Dg7jM314OnLUoOQ7JEt0olY="}},"yyqN76sUi7+5KJdfw/vnTKVtk37HxLSzxfhHtHd9ZLo=":{"valueMac":{"type":"Buffer","data":"Hyr5cGDdTdZckTdaDFE3jxEFKvxeH+iafMNFHwE6wNI="}},"y7Jf3W5BgTYNE2wW/Qj2BZWrITsg/vqKkZf/zzzqw1I=":{"valueMac":{"type":"Buffer","data":"1uzV5JmF4UBApmfCIaFMxATdOtIKEH6YcJs23DxR6N0="}},"zU7YCpaT1b6LlT5TfSrQiLyMSLpS5uMMUu//LFwX+cg=":{"valueMac":{"type":"Buffer","data":"Mbx3rQkZCsb3tYmDQWcWoTNKF+WSXsjA6COxxFq3kFc="}},"0kC/zkLkb6H/u4Td/RAIpqp1QN37yCLTpvsldu6IRZU=":{"valueMac":{"type":"Buffer","data":"5g2U312OIGgmIot2nFRcnyA2tAjKASk2udzeRhl+Coc="}},"1MilgvXRaXuo/rrHklMTdDkG2ERrr53PYsTOW53UAWo=":{"valueMac":{"type":"Buffer","data":"ORzzh38DQ7i5/OIOPTyQoryAM9fQxe9Yqe6vyli1TKc="}},"2dY22bfNg9AVRHrcs+dnf7PAWGHv7FeHw7RdK/ebaTI=":{"valueMac":{"type":"Buffer","data":"AVAjTzzGiEhlP/QsO0dGYrjbpfMYlOfqN7uYlk2zZHo="}},"2npjcotyV6TWLK3mkCCR7oU0rF/27Z4A/UXGgdyI/1c=":{"valueMac":{"type":"Buffer","data":"VtBkuFpCSFdoRU0teWxGQs42HkhrOLBVUnAGRiwsobs="}},"3bIJo+dY8TWR5t5gtovnt50RkSmrSJ47AO8LUFyT3I0=":{"valueMac":{"type":"Buffer","data":"ijQC97mA1i/bSJddx96A34wfql1q2EMAMVt14d1NM3I="}},"3i46dp4V51I/5u6rIHrOrqQk7Mdb5Hqa7eTXTppfDL4=":{"valueMac":{"type":"Buffer","data":"gCjBb/G1FapXFZ1Q4V6EmqAiFwA9agySs6g4f3UdDfs="}},"3qhI1dQS7SGF44UW2EEakzmV47VS74XAtgVBTkQ+rFw=":{"valueMac":{"type":"Buffer","data":"sKA1Wt6G1WSSN52QxtPG6EtAfhSApm/sfdSA5CYrejc="}},"4OJEe6040M9ee4C3OhyC2UNgkUwqrqwl/xh/56sdIeM=":{"valueMac":{"type":"Buffer","data":"y8IpRnBGU0wC6Bivbmd9PoQNIoSBsbLXR6lJUGzdBqc="}},"4biJ65xtHptoxJkkN0kPrjRUZCid7iiVZkkpCmv4osU=":{"valueMac":{"type":"Buffer","data":"WzUc5sxH9+od9HZCfX8RyycrSy+HIMqGtC6XfTSJUGg="}},"4+g6NmIqNLOlo8MqAi5TKhaenK9i4m4P8NMA8xOqDEo=":{"valueMac":{"type":"Buffer","data":"90KkUXwwLQNpVkU0xBqaiRKujMKHPkV3LRMG0PKB6fg="}},"5N6dq2n4C4bddxHqKPC7bOb7mJCcCCzsKiHecOrTSWY=":{"valueMac":{"type":"Buffer","data":"Gm7d8O/mkFVBhFBhm2ADrrFgSNQcTXRKOwLyy63COLE="}},"5fMkbIR3SWqLwmCdUv6dEyVGMWjzEEePmKdxI3J+VJc=":{"valueMac":{"type":"Buffer","data":"RFNNSwXaGodZ8yOkmdzAnOBV0uTPGgHhGkvQBPv2H20="}},"6XpkC0unTfYPs7dYhJHy1/w+7Bwj77H3gIAX+JswwrQ=":{"valueMac":{"type":"Buffer","data":"H6BHCqyq8Z9m3+TnZ+b/o1claJKhPCQkcAHy/AppXLU="}},"79rbPJherc6D3OLIXO7Jl30jaVuGGflK88DSLsxSxPk=":{"valueMac":{"type":"Buffer","data":"uw9CCuwDGv/wI1yMOdreGjYPr4nEoGS5QCHTfMGsFkc="}},"8U2QZdcZLPNmLUIoyQeEjieQylGMj66SwPrlBWzhm/Q=":{"valueMac":{"type":"Buffer","data":"k8T2ajEzmxxlwC2YLpAok/s3by5MfgWOrLVPeklpXFo="}},"8ehmdajxcnWVG9C5opUXQc6CtjTTbqTNY+BQDHLX4Rk=":{"valueMac":{"type":"Buffer","data":"7RN9cCJco1rxaZV+oT79Ch7GGuF9Pp9AGvjfzv5rU4Y="}},"9EUr6+ElYmFUEvFy8BDBJFOSzcJuCMP44hkiL3LQy4Y=":{"valueMac":{"type":"Buffer","data":"aQEwTb21FUq1jGpYL3HOXt2oEIdcDxZcTQvGciY2VRw="}},"9Wod+fDn7mEGntzrGc796qwzwtSifSDhvsgYqgNq+GQ=":{"valueMac":{"type":"Buffer","data":"OSCYaLUg3mWt1uGQBSnpdjhe4qWIJ161s4Pq9Qsqi/0="}},"+GKw3VraA/BwGOrkTz8BemhqRX5iXpAoSKhft9AZhFY=":{"valueMac":{"type":"Buffer","data":"/1+CPuUkq5EuvcDOy2Okfa7My+o0Tx+khpfXW8mWgWk="}},"+MQ8+gNqM+JOTd68dsdhjwFUnZqTTl5JyRfwm0dBYK8=":{"valueMac":{"type":"Buffer","data":"hJRas7nddlUNSqTFCUHnqVOquoMyH+PS9v+jUTTZYTM="}},"+Wy/+Kg07QQ6vJg7HXVhH3UyexGtywRkUIt81aPRiP4=":{"valueMac":{"type":"Buffer","data":"Kln4XSDNgw4BpdaQ+W0N/tRNilnQPVjSLrjWFyZ2Acs="}},"+5HYf9UKHJYJqCv3nnNcUtPv+2BOWQwKSLCgdT9VHkw=":{"valueMac":{"type":"Buffer","data":"/K8ZgtgMXDa0GWyOj/TnfXueRu279N9SY3lYaGlSiV0="}},"+/E6BQfTqKPqKX0GH33fwTg/C15He7vACnNt/kzPPpM=":{"valueMac":{"type":"Buffer","data":"k7rGzvUprCfX1e/1NOCRma+Ox4snNorPh/T8LpYzFRY="}},"/cGhH14tOSzlFqVe+PwPWhyTDxJNUUbClFCfVEWRJnk=":{"valueMac":{"type":"Buffer","data":"4ySKTTzbtIxziaK1ZbkoItofQk8aznRnPwCGTn6Ty0Y="}},"GBFQnWRge10P7ythOUTVrTPAarWazJdbrmJDXV2+XIk=":{"valueMac":{"type":"Buffer","data":"1nFbddAAhQ+nixduhDxgHuf51yvljJzuJlhP3mALAws="}},"VY75NNeAApedjMyre2yY5Td7u0Tqe3y2Qqyd9bGtErs=":{"valueMac":{"type":"Buffer","data":"D8xczR6QatXY5AxuR1nMxe15zQ6bv3aGWO3ppwmCzeQ="}}}}