{"version":89,"hash":{"type":"Buffer","data":"TLVmQ8sxvxjqw5vCVi09sKmkJNGaacWimeilkuTz6dFUnHS2VAJimT1qvVs0Xck6tqkaOp65wmOJxjgtey0XzyKDaTGnpCmdJJNFGu1gOxWqMZG0TSIxxDRavs3TswWEmlkNCIf2/P89HSJZ0/FYLNeb603Gz4xZH+LWWvQ++DU="},"indexValueMap":{"AZ0FfDwbvKzt8tl0nnPQNGDBIt5iSbSzW3nWYbMnTQc=":{"valueMac":{"type":"Buffer","data":"YXe4MNhETn4LyPHVZ07c2ziLzpcTkv9SBgUjEizvAUk="}},"Df8fPOG7XIk9e5Nu2tbxm4VOmqpoYpE2ui87yRTSJ84=":{"valueMac":{"type":"Buffer","data":"UHglSBFLR3USyokqWVY1rEtCVL1EN6zIVm1VwZmAjbs="}},"ED6JDIuPE7ffEa8LEa4eV2dqLzCvezQp1xVUckM0T8Q=":{"valueMac":{"type":"Buffer","data":"tzwMGc+QWeqL3GJ1KnZuw+ZCLa3gL2OjdBamkRTNw6k="}},"Eh0Q+8G0j3oEQlH/LPTKkNfLx9mts8wZTaVAy0GcE/0=":{"valueMac":{"type":"Buffer","data":"r4FgL7oBcSyUhzsyWzqY0REdjD7NqQNb2qmdV2FeAIo="}},"Kv70t8NsrRb5LhS4i2Hp5NscEGcGljFsArapSwkOjNk=":{"valueMac":{"type":"Buffer","data":"Aq4YTZg0EKLkKsmqhEGOJ2/gZs/QoVnOZbo3g0hk4cM="}},"OlS/K8Z98tuE5zQMpQ0/2m7TtFRCYtc+2rFyoG+kbdU=":{"valueMac":{"type":"Buffer","data":"qwViVYMZvdRewTE1b7jzjsQtG4QaDLc8PKIOCp/MA9Y="}},"OsWU8bIAljmyymkgZ3lMjrPVAtjXuGN+uCFSlWRI0LU=":{"valueMac":{"type":"Buffer","data":"ETfMz++2qRbLEhuHE3kcIY8QutnuleY4SnhAZsyK0eE="}},"O0SRhvWO+GrwjLdOdWOS4rPdXgxu+KamsgAQ1hd0w3o=":{"valueMac":{"type":"Buffer","data":"gG88txmz5NDDjIrsF2NY7PAxCiAZWMp1WsklrsCa/Qw="}},"O1RECPtY8pz03uBfCmBXcCj2rkCwcZO873eRR48Q1fk=":{"valueMac":{"type":"Buffer","data":"VIb6DL5XUyZ3+Tuf20UFkcslNOJxmdRMuTfXuJxXPYs="}},"RUoAkA2XRP9YZpa59/TeQuiUBzVf9MP3+CcxpgsPITs=":{"valueMac":{"type":"Buffer","data":"q4QNiTvg13yhJlH5x2fg54LtflvxHtCYL7OfBwJJswM="}},"TjoqfBjkBgHuELkRuZzGZt/Z89tVLaC4FdgGqU8kZtY=":{"valueMac":{"type":"Buffer","data":"jFVl+hVVqbuyZrPSz0JLgfjHMov/8FvVqjxfoxQKn2g="}},"Tqxuy8eShJGDGUvbA+AX+K9EvDmHc8zc4OA0ICQNxCQ=":{"valueMac":{"type":"Buffer","data":"zDZw1MGC31lnYZSgE55t4Km1gFt08hqInZFHI6qDjqU="}},"T2HnEGDN4Z0kK6Dfh8+44/KP9FAzlvlb7R7WNuwO9LU=":{"valueMac":{"type":"Buffer","data":"SyyXh7pLKi0n5ApwhPQFdvh8+NpHK2bwwUbVCVyrGME="}},"WMcPFQ4v1GUp+JEk+lW1hkp4qnKQoo27RqhWnbH1lig=":{"valueMac":{"type":"Buffer","data":"iglStkaeb2N4WUDhb1hTYeuNKZi1dXT7MDvTRs7RJ3A="}},"WW2zSWGr7S4LgimnE2wO4qn17OKhuDf2VNONRDZZaJw=":{"valueMac":{"type":"Buffer","data":"XSz9AOpeXEeRBUB+iG/K9lr4lqltec3o64DMr9ZOqfU="}},"WX5IBAm5I2e53zHB7V+IyKi6QuO4QK/o8oiF2adCJ6w=":{"valueMac":{"type":"Buffer","data":"31vLsS/oq3+43A9M8wPZrnApE7X8QhmKPTtaP/s+a2g="}},"WaiGfTNGER/pqvZehcBSUXDkwWLG5iL/uyx3WMJv4sI=":{"valueMac":{"type":"Buffer","data":"w6zBOT0E2H/Wdf3m8CiomrDqUzNResbKmrDTXoEKABM="}},"WzrkrMFLrSeKJ6Yp6uc+F/qycIhA7hWjqGqHjObc7Js=":{"valueMac":{"type":"Buffer","data":"zZiOCp3roLLLs8sVM0pZCUrMS0sPJqW525o5kmlJKOk="}},"XnA8Rq+EoJyoBEhale8l7+tsDd8DVfP8ImLeEqIovnU=":{"valueMac":{"type":"Buffer","data":"seg9Yu+nZGI3hG/KTsJu/X7MSkMswFFdbXNdbWRef6o="}},"XsgQ2De0dzJkStgM7fV4ogiNyAtUi3Tlcli3i9gpvk0=":{"valueMac":{"type":"Buffer","data":"5qtNxVrYQWDXFSmxdXPz2vfUSIdZ8GbvPId/q6JAarg="}},"aQGF6HlRtar/HTBt8XSXDtZ5ROovWbdp1RnTW0esC6A=":{"valueMac":{"type":"Buffer","data":"Q8Gf6lRllSx+MkVLW8ziJLG9xezVmqhHtRju0x8VLPg="}},"afZccGIf8vI+lej2ZcQMYbnuRS8HH0iqzI/jTQCbaW4=":{"valueMac":{"type":"Buffer","data":"6DsdpDLRHA90kpv+kQXAWYKvgwU1vcvFX5NsDHH1Am4="}},"apo6HVCzd+6KRH4WPsDYmH/efrW0UIZ3uhEUZbWPtV4=":{"valueMac":{"type":"Buffer","data":"NgKrkLHB6rFCeTP6pnOYkU7B23vxOQxF5B0mCbXvYNU="}},"bDdaohb808VOKPmOUcvOr5K9Nk7FYljylda9S5OLKDE=":{"valueMac":{"type":"Buffer","data":"CC9LvKD1Xr6iuTs+LoixQj863v2LTC/MhdkLhvQPRqE="}},"c4GsVqyCXW0aVqp//aZ0bcdAmiodN2SsHPIPi6RB584=":{"valueMac":{"type":"Buffer","data":"wnpGw5fBqfgPw4MEvo3w8/96u/rgiqSbWj55l2Z/DgQ="}},"dEr/HMnwdckk0guiXfOo0/1hRyP77ES1+PEjzoa3Mgw=":{"valueMac":{"type":"Buffer","data":"qNyJB6H8CkTruX333HPd5tZnWxX6r8OZk9XymTH655E="}},"fPsY1SnwZ7t1DF9upQjR6yJ6i03dHn9VAdLjKXzF+Fw=":{"valueMac":{"type":"Buffer","data":"a2OY43TvbRKNjR0ENLMjMO28AdCNn1mH+EvQMybdLsA="}},"hnugha8VkT4AxJASZ1Gv+z+5agjMfTxaqlx6HOFGUjg=":{"valueMac":{"type":"Buffer","data":"3h7yQlNFXKjQ9o9pytPJUabbKPezOZ1DLkKlye6AvyI="}},"jG5tGJqupzWSQEj4Vm0WZuV9qkkAyC1WVTuJm7I3wmI=":{"valueMac":{"type":"Buffer","data":"P/wXwpPRk1lhnpdZy5pp7QRNSakGnuc8jwINqM6Itt4="}},"jQ/07nblZkFSueYyTIM+X0KnO2Y5zTFDjfnbSwR79gQ=":{"valueMac":{"type":"Buffer","data":"UgkvM8RSKOjTE2XdOq0yH1Mb0+QYhLodQstgTbU2s3w="}},"kIa0cgWyVAEDaqmtGfg7LgLThAK37U1bvTaYS7BwdQ4=":{"valueMac":{"type":"Buffer","data":"QKpCOCcyHn3kfaH5CIuQPCeNggZTg2VngApd0rKWZyc="}},"kmfFieu14BFypDIruz+xwhXYgoIrx7FTYpDaOIMsmRc=":{"valueMac":{"type":"Buffer","data":"zq2f3TqeXHVQXYkVUN7eqHPqVYPiQ1qZ6pj+pf/Xde0="}},"o0taOxyuD8pJG6o4+WkMfDtAO0FGICb5EqCrw2jY1Z8=":{"valueMac":{"type":"Buffer","data":"yGaH0vtoq6raH5n3HmwLwPiNSM1noOuM668iuS+qKxY="}},"pTaUGxuyvGs2Ol/4WYO37vKkuuQ9zAc6ujZ/fhCqu4E=":{"valueMac":{"type":"Buffer","data":"uWmqJpZ6NBWHKhF4H7KdvGnCBa+COY1f/NxygZAH3jo="}},"qAsmHRtJqrz4XcfrgwWUzsG4ZL5pyJflPVBK1AtaZgA=":{"valueMac":{"type":"Buffer","data":"yW9HDfmsSYoHmJtxjAZceGHTpMYzL1NYZe1fg6YN4h4="}},"qtjppuizngNEj10wTmnYA5fqIXtte3N5SMVfDleXKB4=":{"valueMac":{"type":"Buffer","data":"0kj4DVMzb7E0EA4bvsoPEbaTZrAoPI9ttz2xSUXQn7c="}},"rWblrpkI6CjIapWzetRLoX16kwDCEeR9NAtSDowVC1g=":{"valueMac":{"type":"Buffer","data":"L3YyrzbY+MerWZeJAe7kzA6lMvTTnih0Mf2IoVfDWhY="}},"stIcm0caGt/0VtO5WAUr/U9xaD6/ezIX1Psk+LNtu2E=":{"valueMac":{"type":"Buffer","data":"ZXtM4bxOsyd0ctlJm7re7NF0u0R7JDj28qyOaUHOUbo="}},"swtkiDQuadmWnMxkUw5kb43ZFffCPRraQqtuwvNqtuY=":{"valueMac":{"type":"Buffer","data":"NTxUm9yxB+GtC9RMi9a1bv4/yDpfwSSfpYfGc1l37VQ="}},"t8F2B3AUepGD4cdAL5Ds8rp3RVDg+gE019NDr+aq7zs=":{"valueMac":{"type":"Buffer","data":"itcahwpIizDnAM/PGquw3kZFYbYH1OSSibD36SKyy48="}},"uU5WVFCy2uoPl0sfqQ1sCm+1QG2XiLrNw//nGMNfOZE=":{"valueMac":{"type":"Buffer","data":"ASQzRl0WNfqdwiWWNCVH6vWFGNy12ClAdCKp83H1td0="}},"uVyyXrm70G0xdpF4fCh7CNXqrteT7sDnbNo1SgQ1940=":{"valueMac":{"type":"Buffer","data":"tpAS2u7hxogqcc1pHL7UPCdLuTCdmyJj1N8urUzuPY4="}},"uoZrg0XVI9mQluOKbGv8NqePhuu+UBwpN65yE2wUp0c=":{"valueMac":{"type":"Buffer","data":"gdM/Gar0yzzy3ucz3rnRUFHdXwlrkDE0VbedbW0eeRs="}},"u5zMgd1NfEiCRggxQC0raL0PsiKqzpYCvz1c3qCqku0=":{"valueMac":{"type":"Buffer","data":"XKx/kVUX9OJvfHPdQewcra6Dy04PbPDov/QWEtwmNnA="}},"wx7IByGu7BJy9rIlQi4m2IeNJAvgrz+DhJ4fgXmBs1U=":{"valueMac":{"type":"Buffer","data":"plAweXcUFyXnZbf5BnLQy50r14lFUZG82ZzNxcUdA2c="}},"w7KJZDOUBDDRfRphWgN2o92gqiI/i/1EJa9ZhkIR1Qw=":{"valueMac":{"type":"Buffer","data":"Bf2nc4E9Kq63rT61tsvFXASuQD8O5FfERuHAO6SHST0="}},"xW4JIwTa7mgVr2v1xTZagW+OLkxeI8PDgxgf2tTOCUI=":{"valueMac":{"type":"Buffer","data":"E0CycECJ4nMuzchFyEpO/rVWpjqYOD5MKQxll7nyIlY="}},"xrWTy3V0tDzjtHZB4pcLifI+mIcoe9Xwp134/MephgI=":{"valueMac":{"type":"Buffer","data":"J+6lmMzevcrg3+pZU5EE0n4UNfDrPo8xR2LdHc9O52g="}},"youUSxcIBr71oEA4Y/LY+S0umEI3jmsznuO515JZVN0=":{"valueMac":{"type":"Buffer","data":"CWri1VQwaiqxJYawIHUzNL0rU1lVDr7PkU71GIYKP/Y="}},"zi9H53FhThFdUWdCRYTCytIrnxkzDF2JF+Eo/2j/ktA=":{"valueMac":{"type":"Buffer","data":"z+24xAP9V+8Szj8VUjVuhMEratDJsmfSBrmEMeRAzes="}},"0E8MPH5EevUnc8mFdEEWe+KshXixd9ouJuBwJd827f8=":{"valueMac":{"type":"Buffer","data":"5Hz8i56VesoIraaxZDYK1E6FV4NL2KJnC+wgF0YCelk="}},"0H3cNYnHbeThdqe74I2fMcYrPQON/HvnfgDX6KDCIQE=":{"valueMac":{"type":"Buffer","data":"UjOmAVyOWfmi5Q+E/olZp4tVrZ6yOW8HEVjwPDac8ew="}},"2QenrnEOZM8SrBuT/0HOoEuaDByBWGGS+AjbaxQMadg=":{"valueMac":{"type":"Buffer","data":"z+eNUhwHySFLfsU1SdjG41rncgysdx+iBzLWXiWI0Qo="}},"2zPirvS6c3O5LZK73NP2vAPG1izg6r+2VSrV7bZlxE0=":{"valueMac":{"type":"Buffer","data":"KAQk+4eu7uEXobnpUullhDVrY9N4yzK0NZw4vUtVD00="}},"3NSsF7O/huJlMYdMl88ckaqggd6WW98YFMgTPjzM574=":{"valueMac":{"type":"Buffer","data":"RDEfVpdEYo3pNS8IcZ/l27L/cjZfoy+STSSkYA/jWWA="}},"30eOx3K0wXegZ7aPCBUiz8FwKANiLp8nMpCPUkPkb2A=":{"valueMac":{"type":"Buffer","data":"x4rD/YHhtBbW/oUUPG/+p0oQ2bNyqqSLCfxY7q7Hx78="}},"5gSt2VGLHwei3oepM45+iK8KVCjHJG+cNmtqVFvFQt8=":{"valueMac":{"type":"Buffer","data":"YA++909QLuZgW7atl3PD+zfV2r4noo8+NxM7TKQSxHs="}},"5iiBTqPCwT/03+k0FRvmQDiRXDsTWh16EhV0/hNFSNU=":{"valueMac":{"type":"Buffer","data":"3H5xoFEDzDtnikLURG2bATq/34JCpFOvXpmNjn1f47I="}},"50ALfwDKIpGAHLaFR4btuCS43mDz8lsvlN7CAOVnsh4=":{"valueMac":{"type":"Buffer","data":"yqLanRWgWs4pLgRRHb+slPMcU3tb+AG3I6H2z91qZ1Y="}},"6V5U8W0Xz0k2+DMocP9M121uJkEkChCDbhp/eIlREIM=":{"valueMac":{"type":"Buffer","data":"4ac/x9yl2o+sFYlGY0Ufi6M0cITf48GZdsUA9xvB+Fc="}},"8GL7MG0G9vPRo1AoTrQBA598v1ahjm/wyqcYjmgNnZc=":{"valueMac":{"type":"Buffer","data":"DcXv4NlRHU8SRqpmTHifqDW7GW2NqlxOAuoKQUGZAoY="}},"9tzihCPEHgPDc0cH6GcHSJfGbaGjYQE8dA78hkM5yQk=":{"valueMac":{"type":"Buffer","data":"rUwHVAzcNkYfZpFffmgZ1Ll7zkpv/VotowRLquXGjKY="}},"+Rx8oIzOuIlAUNeZ1ZZXecjrmJbQ+bpOE56lSLKWj/I=":{"valueMac":{"type":"Buffer","data":"K51smlWwlwNwIkCj06V/mOpyIbrttQCH6CTIdqdvl7M="}},"/DSGFOWhgD8huecNnbU3oOd4dkBancGBa4WaQAfHURw=":{"valueMac":{"type":"Buffer","data":"oyL6uIttGLlwNN8rCYEz0a5d8/b5T5KkrhBuhjSZC0o="}},"/sBGAsvfOgQe8WKqORMQwS+HIX/tPKB43WulaO+qzYc=":{"valueMac":{"type":"Buffer","data":"igKqvNiLOwqeO3BsL9J3dqF9QhnJ+wpjJ2SnlIj4Pxk="}},"/s4OMf0yX0qkiwn5XjXDLmD6x9YSUQFhFFRtZImODLk=":{"valueMac":{"type":"Buffer","data":"0mmVh61I2THQGJMhc/1bDmXG9TsSOZbb85r/UWfQVrY="}},"Caunj4trRrITQXXXkhdYrHj0Zgl3vithRO2zf/gjGEE=":{"valueMac":{"type":"Buffer","data":"7/UORwZpGGTpR5e/WRC/StgKyeimep6UERTkqTWCD0c="}},"98MITQIcyrLDt6XFqI03YHPiMmbqsuhv6WL+Pk0eGKk=":{"valueMac":{"type":"Buffer","data":"W4Lr05r8x7i5bmbGBmxxC0fuUln90FsZDaq3OH0B9Ik="}},"Wkq2jRCZQaSj3cTc81tSLj+pO6UGovQMz+Dskz5oNP4=":{"valueMac":{"type":"Buffer","data":"wIMKWuoJzZ6r9K4dvZtbR9NpEZHNXpKyGPPyXngk/tI="}},"CSOITFsCAC9keViXVfSgPlnh4qM59l7IdM/Fbozcvq8=":{"valueMac":{"type":"Buffer","data":"szUdry3wgJqzp/9Ol8LJLWaekdcU+SegtyYCN6Ag+8Q="}}}}