{"version":36,"hash":{"type":"Buffer","data":"dYVjmToN0TEea6yG/BBW9GgFQU46PzSHRN+eDqdfkri2zmboHiy6vLIHgY40T8PdwJbx7Yx5IYU6K3KMJeFxIXpGcD6+1oYCdUVoD6sBcd55V2UuR3+4CFHLRgZqlvvjeqfoTnrLoa6YIAyCFCJcLSpd5RMmjQN1jpHE8mpXKbo="},"indexValueMap":{"Ju6SIYL/bY3IsLnFBOKGdUsWH57JIZgLPyl53cV8yoA=":{"valueMac":{"type":"Buffer","data":"B7XqIjxhkW0shbJY5Ldl/k9+0LmuRW6+AdcByAGDLaQ="}},"MUXgCgGRufqYwNbhwAVpoQ/v7lDXLS/vhmXxZmP7BZk=":{"valueMac":{"type":"Buffer","data":"TX8Z5xjbOr5ieynFZ9wTKcjg/LIOTGo8Pp256fY17J0="}},"NbCL7eiWDsCPkYs/apAyMoPH+Afu1pmeGUal9dSZ39k=":{"valueMac":{"type":"Buffer","data":"8Xs7fM+wxgAqOxFgJAT71fYwjBLDbjwd9N+r74eIE0U="}},"QI35qtxVKzvc6rpVhEwjuxFkT/U0IZZu/TJt/zVTtxw=":{"valueMac":{"type":"Buffer","data":"AVfIZx9TZw/paJS7mNx0NitOJ7WeceUzgiDF80NTkoc="}},"Ss7cXUc1fls1j1S00zkn74pmTI7YDNRVTvQjdHxzXeQ=":{"valueMac":{"type":"Buffer","data":"7LIHqhfZvWtRK3rXW+pBpneh6LpcmvD3jeTJZfVgqOU="}},"TDTD/LbDcTQ2uUB4AOAuToABOP8n6q5kuS1FaCe5Epg=":{"valueMac":{"type":"Buffer","data":"uQE7RL7+1sZNOJW8/yOeMy/4DsSTsxMmEWpCsMwE8Ds="}},"WYksXfSCqPjkwLapZYHav4Oa61rvpvcnCopLeJ2sI4U=":{"valueMac":{"type":"Buffer","data":"Pejhc+2FTKkmS55CVSY+OYC89uySMOjun/t1uvxjaiw="}},"WYo6udsAyc0E8HZKWxV71pF5G0UH6cF1wSrVQYTo1uU=":{"valueMac":{"type":"Buffer","data":"obOY43Bk0j5Zfvz1WmkpHjpzevIFStZxPje83IH+C1s="}},"dNmx4985X2CEf/bAosC/UhPJDbodniX4YjPP97Dh4jg=":{"valueMac":{"type":"Buffer","data":"XcH+Thy0uOQW6JdPQ5g1yGBMQDarieQtv8ryOMga3to="}},"dWachTuiBixkuaeQgzEqsYL0DEPLJ6wiITO7p7HISE0=":{"valueMac":{"type":"Buffer","data":"LNdYNzusDccehhWSjkzBzhsdOErR1pPwXy7ANJ91Q88="}},"gyFyhpIkerVtWFuY3lvK/SzJSuxeTLbHutumoidQ9fU=":{"valueMac":{"type":"Buffer","data":"FdRLHp8DJnJi0CgCh3b+KoY25VBrmUoOWLaLrAyl8SE="}},"h0EOZwOr77dwaGQp8+jM3G2UeTcC9rrGPU6yt1F5xXk=":{"valueMac":{"type":"Buffer","data":"lxw71iU6fR48zo0VqzkCfmZ8guuoTdjcscKYx566N5U="}},"nmhy0k3USSdKAZHUdDuu1Bij4nDMDT+6FDlMISrpYrk=":{"valueMac":{"type":"Buffer","data":"NgSSIcP74P6TLqIJ1F74cWLgbtzrr8I+43DjVYyShVg="}},"o3fyIZYqQGENSMA07qFGHmqJspd926hJU9pzuZgNl8A=":{"valueMac":{"type":"Buffer","data":"NfuAARSh3wc0N04EZo/6PLfMN3DeJH7Aco2y2Qv3IpA="}},"r8ZT0jV1lePdjSVaXF4q7zGaK123ThPp01YS+C/SsAE=":{"valueMac":{"type":"Buffer","data":"/hXxFaBTSGnZrdXBaiwAizxai39mG8Mks8gQiEdbJWU="}},"uaffYHqMkj1b2cio0vv5mP2xdFKC0m+dcZGua5o1s+Q=":{"valueMac":{"type":"Buffer","data":"h0PWLnWX4Nf3DYFYHdi8ViVB8LCRfxO+uCVx3Zg3PhY="}},"vt7TQldL+5ygfElq3xMKNdF4PEb5CKzinfWWQRF6+Lo=":{"valueMac":{"type":"Buffer","data":"peswHr6h9vBWy+uTCZ+L65PBpjxldbTLq3OWq1yJ05k="}},"011ShWl/1fnrsRYQCYzyca9fXPgLYZo9Cw4a/sMn7qE=":{"valueMac":{"type":"Buffer","data":"LoaQi2ni8tWlcMNqSntEsMhSxTxnY1EegvxDXhFovfQ="}},"3LGrNRT8ndQL2+zxdtIYoivRwM/zVTezYtcNc47YOsM=":{"valueMac":{"type":"Buffer","data":"nGhoWv5sJ8yGjrdr+O72rCEu0tAQdWOtHwQj3kCFVnw="}},"4AU5irHUlvehCtrMr9Uh2chBC8yt/srIUbQFJ2PpWio=":{"valueMac":{"type":"Buffer","data":"1ldF+7H9R7MJg0tFRnUKQy4vS52793CcHTABW8vJttw="}},"7NaM7+RU2PnKAExELx9Z++QJqXzHO2z+x+SNnkkRmJE=":{"valueMac":{"type":"Buffer","data":"dvayLWzElSsZWtYFEBYzXNyhIcLJYSjoBIbhFmAFx4Q="}},"8DlpgvOrwOD0TD1M7IAN/7VrqULNqUJL0wWK0MD2gKQ=":{"valueMac":{"type":"Buffer","data":"CGHxOU8M6LnT8hDQfjDYNCs8KdGlKT0Ew3dOf4JmvHc="}},"8hPfUO6jgzKcqwd6PtNxisSf/C2zdR77SeZTIq3sLnM=":{"valueMac":{"type":"Buffer","data":"AhIWpQdmPHUob6CqmdpM/j7PiCv2m7i4gJwkGhjdwzA="}},"/oZawjobWy7G+BOr3Ge6371V8VMF/DlVo4WoxI2yJhM=":{"valueMac":{"type":"Buffer","data":"35OaHkmvzGfFDh0ZCOKbQJsm4Y/1Fw2fQjFsqOeCLR4="}}}}