{"version":76,"hash":{"type":"Buffer","data":"BTcB3y5nD2Uuqqk9gtuu7hiGBi1FOROO8IRzjeMNojVZ3TOFzyEC+Erb9ym7ZC9A+s0ZpqJwunZGiJnODBDUWqwuNz1KpV/Vh1QaONZ8dLod1JIjwg3Y6NZoEOYk5QIvQpChT9GWf+ovbpsZgegurrcfSZRh32pwZVY7HkCyoTk="},"indexValueMap":{"BE8eWo0If3f8bZGMrY+Pmqw9d+h3ioLJmaKGUSCJgcM=":{"valueMac":{"type":"Buffer","data":"F8PLFmG2vWLan+ryaBmXvJOQAZ9mMXF5PYMwl2nz1Pg="}},"BgRZEcI/Rpzlq4Hs/STJMRbXKIvKBpE5J0BL3B7kp4M=":{"valueMac":{"type":"Buffer","data":"KxhwhKBLm+LgWAvM97bF2NgRT9w4/JvUpQisMW3Nluc="}},"CZOZGg9V96zH4DtTTF0js/dKfDbAiJbSkfTKuuCOMm0=":{"valueMac":{"type":"Buffer","data":"pKtDiJimDRLMm+ldTYr3EdtFnLL18gTisMRZjD5EMho="}},"DuKCHMIWtRHQ3mtICwntbhVBNAGjUynoEszB4L7bIRA=":{"valueMac":{"type":"Buffer","data":"1Zt+6tQjBbrpw5Yhb9jWbZyKhKJv4c6h3UwjU5L3b3E="}},"D0U46NBKc/e3ihi4f967q4L6i4lxrcYEMWM2R8fB454=":{"valueMac":{"type":"Buffer","data":"T2FTZHlZDsTcDAhJDHK621j00zIqKZM++Cw2+yNCi3c="}},"D1yspKVJGVGhkcXdftBSiqxVCIat9g/8iTnrAfFQdF8=":{"valueMac":{"type":"Buffer","data":"2vmbgq1rthDwfeqpTSeKpDurX7WKKdYAKNCEqo+6jk0="}},"EGzh8KEE5gg5JWZwAL0dgr+72INLX+wLbu7vJCSz6j8=":{"valueMac":{"type":"Buffer","data":"A6wauIgXF9b3eKmMJSTTSoQQWDeS7hNX5DVd6x+qMEw="}},"ERsf3QI/Ed4EpHzH/ksRkBBNNzXVILquMYpyshQ3KaU=":{"valueMac":{"type":"Buffer","data":"DO063APxjcHUuZOf44f22IyH+gbwayctwTqsqsG1aL8="}},"FoyZiF3n81wtBT1gACRtTJ0Cr2XwPgbxBhyoL9iSKxw=":{"valueMac":{"type":"Buffer","data":"6Yg2hlFZ2Gwbm22iXFhOEFFKVn6wqhu+IbtS2kVh4xo="}},"GGxgdmdxSA+0JpvzDX2vvATb5M2OYmk+cLk1hzo6Z8M=":{"valueMac":{"type":"Buffer","data":"gNXraKFWfdbpbEV8Q9EHIRB4yuBlCqipaKlPfgYj6i4="}},"GkoZbKGiPN+BR9Tn/D4wGJuabqXRdvjH5tk1kBwkSEk=":{"valueMac":{"type":"Buffer","data":"3tS62/T4fPYDwQD+HyMCzak3PM9Bc3vkA1X4jq8jdNk="}},"GmuDBMD67hyXIprcAVOSEh8i5z+Yj4t+uaqUHdVJzYU=":{"valueMac":{"type":"Buffer","data":"/nOcQuuZD+HuOWlzSlPG2cK+zHhCXUlmV8SlSGKow1g="}},"Hss+S6ICNhxXVcgtEBTUhWf9P8RCKKyJSWR4qBhCmzo=":{"valueMac":{"type":"Buffer","data":"NraOTD2oX/O8lfHZtk7dl8+wq5ZqvbmVg6Qu0RD6E9k="}},"IagnqOEN27f84cNoolLj8wQXfk3EEdPOtwfFMB7/mHA=":{"valueMac":{"type":"Buffer","data":"/C9xIc38SPN+FKZZBr7GBA6kvByE/RCV4F5Y882+ZyQ="}},"Ij7NdqIyVMExZvvDg3FZpmDNOPPnEpj+p9lKeOWdOBk=":{"valueMac":{"type":"Buffer","data":"DEJoWxCCz4C38gz0fCMCEs8CFeVjOTryilivQplIV7k="}},"Ikp61i1lRAj38zmzwxiSm4rAVN1/mGpqctw96y5cTOA=":{"valueMac":{"type":"Buffer","data":"DqzQvdv9gusxUByGdfPdhAH6jbPFiZitZlQdeL2RB70="}},"JL66voQs6O8YaiIHD8/42tSsC9MfeeQmXJulF380Plk=":{"valueMac":{"type":"Buffer","data":"QEKLaF3ZtSvK3gmiPhPmK+OGS+Ws0HP2jX87OMpKxA0="}},"Jo+gYkLrGsfB/fd3BCxedR2o/b1bQ497I0JdL1uMjZk=":{"valueMac":{"type":"Buffer","data":"cOGi1Am+Y85oWNYhSZVNwY6MvUUJE2JUbtQt15FE2iI="}},"Kyuj3I1BGvLAvVaPFUgfsCaKJBLAl0FpR6wjp+aqrfg=":{"valueMac":{"type":"Buffer","data":"HEwogMk6Z3f9/H7mVvuDTZ3hazqDO2tm2m+lAtHkzsA="}},"K7EsAFB+l/Z4w/L5s6x62Sx855AktekS0944tgg3+qg=":{"valueMac":{"type":"Buffer","data":"ZQ5fLrVZw+okioOTVWTfLpRveuBiicIg6GszF04UDqE="}},"K/d2neaToqiTNoi9QBOYhzPnTyUxqO+MP7+ajjfDMDY=":{"valueMac":{"type":"Buffer","data":"rgCg+GRONr5oLb10hDBHmSUElVlfpoZcDgIc4Ge0Nis="}},"LLfEhvKmGYr+nk2N6dZL18Gp/ptZ0eGc/Y0y5luuJsE=":{"valueMac":{"type":"Buffer","data":"ieVm/CaCE9iebd+KjyLRptuGP2k1JNm/T1DIx9QCDkk="}},"L6+sFlelhElR2v9Anl1qv5I+6O+S5tBXw2oQxmwyrQE=":{"valueMac":{"type":"Buffer","data":"/TsB/eOyrodKQqfSsQCKYhjtdiBVtH6fICMhIJw4mqI="}},"MEWTCmITgBAy7jzwapbga0Wv1ll3UoMDODbAs+vv4BM=":{"valueMac":{"type":"Buffer","data":"8ZoNh6YTHdzQh/u7jhW8KWhyGnzqm0mXtZpV7la4xjk="}},"N5Bna/5pr81+qsOrBuZIIZS5wvvx4+F8wa8hEwcFSxQ=":{"valueMac":{"type":"Buffer","data":"+sWMTFRc4fJYLNG4Q+Bjd4CuIGzJxShczf65ckGrP1w="}},"N+Ro1unbdY2fcz/YzAngxhfYsbKQL4c1BuJN2ENYwdc=":{"valueMac":{"type":"Buffer","data":"aW4gr6aD9MHpvDdbRktpq4je55SrSOYN44tv4ybfcUM="}},"ODXzFW/arsABS02MaUdWBgGZZb5H6v8xKvnnWRE8dVA=":{"valueMac":{"type":"Buffer","data":"gpqx/NBk6uKto71gPiCdZbjaayA8Cl/5IByOWlR7OL8="}},"OOxtQN9iDNyDKd/nJNR2ZsDwHls4lbF4hNTbuUZIKxc=":{"valueMac":{"type":"Buffer","data":"RofETVEne6Fx4BZpPVXKBQYULSy/z1q3tJB6/JEau1I="}},"OfVxnNh9cw3bnroQly0K2ZQuVzvrO5LEgE0JKDIDitY=":{"valueMac":{"type":"Buffer","data":"tSOenlKIdr02n4kpOBwmndiOxiWHe38p6o+WfRlo4VI="}},"PYyIr+E8F8/v2BGMaKeWGK5R+MambL6dSYNAsBCU21s=":{"valueMac":{"type":"Buffer","data":"ApIZee4uaJ1NpdzR1xcrQaSWH9GPjwr/BuFr/Ipx3G4="}},"Porxzup9HujhFWUlfPP685KyGQLaqap5/9W7FqN+DyE=":{"valueMac":{"type":"Buffer","data":"mmtoTQ7zMpM8h3/EuA9V8XCfITfeNk0OqB8M2ihwv9I="}},"QPnkC5ZxNmkudJZZD9MCP5UfguANkwqYR6rTPdEXrg8=":{"valueMac":{"type":"Buffer","data":"zxkaFixkzgXcE491su3RXTiOEcC0Gjb8CMyhjhROW8A="}},"QeQ3SfCQj1x53jnWckxZz+z10hfQhVL8WARZAvtvljI=":{"valueMac":{"type":"Buffer","data":"lnstUm+q9M3BAl8MxdbRFwGjoeysgLbP6BJEriTfa/k="}},"SI6hTMsP1TVRJ7HHuLObZ3++0retHxMPyRBh9QQPW3E=":{"valueMac":{"type":"Buffer","data":"Evb9eQxs1o4LN0sbqC87uBtZeFMW1wSl/0ZXWG2leZQ="}},"SRurwaF83wp4G+TAxpnS4oLiwe/OYuGqtvgIko0ehUo=":{"valueMac":{"type":"Buffer","data":"aWLY18E+zM4o/8pMplCSqczPUcW+dqoFicQMMkTiCfU="}},"SsBk8xtSvCv1uLJnQmWPCJbF0OmKAiqzB/yvtVjrA9E=":{"valueMac":{"type":"Buffer","data":"SXjkh39xpONZFNmxz9pi1XWJHDd4/Z1Dogdy4eYl3VA="}},"TFxg8va6f9rD9CDndIynBHnK2srIwBclFHd9xmqVWa4=":{"valueMac":{"type":"Buffer","data":"35w5ateme/3vhQ1YPG/5xk+2SmF57r4/jSUz+kMyVas="}},"Tytgb7nYAigFbD/T4YuS+fJ7mz4nAaTELVVYWmVzw2s=":{"valueMac":{"type":"Buffer","data":"xqm6bZUZcx9c9qNseZj/rCrhQ+KMQFSZXcbYNbcQF0M="}},"UR+YxFU0NuFULjmePifNOXQuEqZ2r2/Zy3C4HYfQIPU=":{"valueMac":{"type":"Buffer","data":"F0zM24CwMcjQrafaar/OpbFIgBZjUW2QNCN3ayTfyfM="}},"UsJifWGCLTelgSGde+5oQrE9BwSkoUPy4yIwkNzIgsA=":{"valueMac":{"type":"Buffer","data":"b2BCk3Mg3BVfsX1/KS5A1qOGKc3P3tOxWoj49zOQ40M="}},"VURR3dQUY+W8QjH9iScEtuchf97ZKVZkfFFYuzkQP60=":{"valueMac":{"type":"Buffer","data":"v8vbtuZAmJRaX9h3H3P4SbISz2lrXie9h9Cg+WYolc8="}},"V8bwUJRPXd6oVH5QaEOLLOdEE6wbfuT9m7mIxT8ol6s=":{"valueMac":{"type":"Buffer","data":"9BnXVJCM/LbtP4HGuBmaVoyBdnI+ACBO+x4zCiSVE9I="}},"WdBaUqoKPlapWAbnb/AldABx2wkxqaxLCaLF2xn882A=":{"valueMac":{"type":"Buffer","data":"wdbrs9IerjHzPTgWDeEG0jbY8muMVou0piDWshNcFu4="}},"XQ8DKHL+9qGRR27ylHRqNC/pvFZ+KXD+xFyk9U9q0WU=":{"valueMac":{"type":"Buffer","data":"8IBZ7V/ZEm8dRuYlxceA5ZSS205mlex2rnnZlYu+7cc="}},"XlgZHg+4CaRQ2Hu/0qv5eMYmxgBjgL7V6CvH4z5jQ5c=":{"valueMac":{"type":"Buffer","data":"QJUtpIYgm96dko9tuW7edK0vPNXBp3aPoTdcmT2WnMY="}},"Xu22JoZ/cPLOCCW6ptLo9iSHaYDV9y4XJOqpk4+X99o=":{"valueMac":{"type":"Buffer","data":"it8BJkuPqPeDwMP7KVTfQHHY8yan5qH/ood6FJkiaRk="}},"YxDV82RHRILNiv3/VTdSramudJyfIBtWldRjSwqje8c=":{"valueMac":{"type":"Buffer","data":"JcbnoILIf7VZqWhIi9q2KS8qv36BTY1eXvWzJuML6Ns="}},"agEI6RPTgqlFxenjroBZuo/xgnMAqvhDQMIONlDOV/c=":{"valueMac":{"type":"Buffer","data":"u32XAiV6KmZOYllIByEa5ZNN1zfhKN2ET8mLJFOknhw="}},"a0ZYUsKpAQqk+Lu2/q4TatcQjjdSKsKae3u8ogx/J+E=":{"valueMac":{"type":"Buffer","data":"mi52Pj6Tqiuwgzk0vZiKPbda+SGIQWOWJJV6e51l+ec="}},"a2OljT9TvqV7dPMSBO21rEE9yQ0QYTQMXZELawAV87A=":{"valueMac":{"type":"Buffer","data":"PSVlGHs9WAcM5IKOTQ2crHMFoC0wNSbX+jIDG6KGAcE="}},"bIe3+Ts0z71YDifqEVQsICxa7Jr5TA2fCrgozbK7ACc=":{"valueMac":{"type":"Buffer","data":"+hsQtrmVX3beND0+INscItpViqwgGkG9ryJYA4fWbdI="}},"blz+YVxjwWWk9Haiaojo7ba3iLgggjDd+JQ1jhk5jCw=":{"valueMac":{"type":"Buffer","data":"LoLE2DEWv8jFhk4ykgpS5gf4jwFMPASQv9bhS4nVosM="}},"b968wgLdNTLBuzoyGqn6917cXGKzh/AdQNLPJtKCnig=":{"valueMac":{"type":"Buffer","data":"eqVVpWnDzPR5g+52yQWsJAJzEDmYMf0W3G8fbKW850U="}},"dGAVQd1y+nbnZP0x5xVyOlGK8jGgIYNXYQTEjYenMfk=":{"valueMac":{"type":"Buffer","data":"ZqE894NLiZ9000O5XVlJFXAaOfqIjMmnqJ8kFBfVTKM="}},"dgoG7VDxSbQTXJk3q0+O5k+lzOdWqKgcAXhOZYXIBTU=":{"valueMac":{"type":"Buffer","data":"p0elomvwhOqr8qH9Ph6t/7V/i0zN9CyHkQQ383ZqKC8="}},"eBX/tWNKMntgO8jzoyQulqtffFWsyUCm8Lf87JN5GYU=":{"valueMac":{"type":"Buffer","data":"1i9jH9KA/AFHyugkAacfEcd80NLMoERiJbRVZwiWI+0="}},"eixPLgb5zdRuU+1nTLCDQ2dW8QZxquMrzL19S/ylbq0=":{"valueMac":{"type":"Buffer","data":"0EUCx7/8Qj5vFF6NzH3ovkIIPbxthSx2Da1AzH3oFxY="}},"fnJb2cd7xKvzTctbqRItLJUXTZXKnv5Bd+G92PVB5xU=":{"valueMac":{"type":"Buffer","data":"GjEpXU+1+yAGmv+67l9NkxL6WfqLm1PnnWwk0ix8IS4="}},"f94Foj+SUdfrUnbEx+dBb6Aa4OGujh/f8Xwg7DmzQDQ=":{"valueMac":{"type":"Buffer","data":"ck9eXrb0S5WAHvEUsAuXvjdAyZjPCMW7kHJllhlRl6M="}},"gmScywSp2EAlSCw8zNRtjJAuCDNLCWK10cez1hIZVUs=":{"valueMac":{"type":"Buffer","data":"eqKG22ks29pzfMrsE4w3WpDpeZgZQM85GxgqDNEkXcE="}},"g0THMIOsYeGeUbC8CeGZzBPkGp38EWgINatyLG713R8=":{"valueMac":{"type":"Buffer","data":"LEc3U+GNQNI7C43yNuAKSqE5IzYaJh2gLpmX9dijxxQ="}},"hnpaCJqQ2I4Rra1UvIUJenmfvc5tbrHuxj/+1J6oUc8=":{"valueMac":{"type":"Buffer","data":"/p/JWt6ZifsRML0lw130nGl9kUIDY8LmrlYbmBTruec="}},"hr0U1KAYyUcYBVbz2GJYZ/XYG7ZGYO8dZfbNmuIySVI=":{"valueMac":{"type":"Buffer","data":"V6a01oITN7l7A2qwtiDZIYugoWh4d9grlXXB65bHlrc="}},"h4Gg7pcFXaFovN9TNBBMtQ+Yv2SB6C6BVpWTq+ffCq0=":{"valueMac":{"type":"Buffer","data":"w5/St54xSEoIucnoQQ39dXZXID6o9bjJdjsK9zsYIwM="}},"h44BYKdGN2BwN0Jg2vG9ddJ1W3OPL3DMmdn3fP7gHDw=":{"valueMac":{"type":"Buffer","data":"6vATAxKn17Evqg58/AcKKDZBDJNzfJgeHvgB62EL6f8="}},"h977G0Ke5cluLkZeUQ/8MykdWL43LwC0+KSDM0tuEB8=":{"valueMac":{"type":"Buffer","data":"cbD3yJ4rf626guTTj3Zhwr4v27UYAZ4e/cBAfgiO28A="}},"iQkKvtv9uAq3cdItNOej44GKMwNvYGodON6xmg3Lo7g=":{"valueMac":{"type":"Buffer","data":"/LIkO6Gz7EdCeyIJRkjIiA4nHlrHlbO/aNkvYCt+DI0="}},"ivae1soA8Be8yGiEC9SMJJAxK05HISgP6ASOKcazwJ0=":{"valueMac":{"type":"Buffer","data":"hapYYj3oSLVLNjE838QGWjicV7ihcRb4cyPEdLFYmho="}},"i/0T6E8aVLY3thWf9hlPYmPK72laArC/GVKEvrResUY=":{"valueMac":{"type":"Buffer","data":"FsGgaL/sx6iDf5RZUtPxEIchdoWE2R1T4qHPSuxhqvg="}},"jVtKepgP9Gv7MElnZgrvjo7UqfGE7/Cjn8lzeIzp75o=":{"valueMac":{"type":"Buffer","data":"VfCso2QpJURvYoTHkj7CF+MkvFJTIGXZW04+QgpMfMs="}},"jWKTISB47LWgBV1gv8+gALJdjMQh7R+HswtR+XYhxIM=":{"valueMac":{"type":"Buffer","data":"DN62Dd9xOWbB6XdUymeZCk9vD1zg3lk0POBe+GtLw8Q="}},"jlVQEKIyC70Vl0ysSMH72DAxtlD9wkmkOd5SOC+jU0Y=":{"valueMac":{"type":"Buffer","data":"TY2nDgKrh6IzlC4r6FrB76ZtsZmFlkIR8BUq0vnaFe4="}},"j+IHqMVf+793AuXSWnZJhzXtaY7R/B8CDHL5GJzG1xw=":{"valueMac":{"type":"Buffer","data":"/6zavxuM4U3c3wVN0SZVcYzeFX1ldA74LwQ1n1cMFzg="}},"kQMj4SAAurWuBGnmlcUNjVeYiqlTDVKK04C8doNak7w=":{"valueMac":{"type":"Buffer","data":"MVIIhNym8uSD7t+hrsAALQ2Xmsm5OTKUq0uDDfFCeks="}},"k8ULjrKRXMrmd4fNx1bGHfaY4/HQ6mysndQAArqM4wo=":{"valueMac":{"type":"Buffer","data":"OJyUR/ILEs4tqiuvwIdXV6EmiCMHGcFo0AVVRjVki8k="}},"namzI2rewWLQXHwEamO+vRq0vlrbfIxeQf21vN1O4OM=":{"valueMac":{"type":"Buffer","data":"4Y/GeTt3l9I6U3IJ691o/8NKvJ1sqGie7yOlS5QGQng="}},"ngiJaQt2OsaVzD2ZPEWZIiZifsrKJyHiNAUXqsOM2PA=":{"valueMac":{"type":"Buffer","data":"o0b9qbnvuFzPTSTIuBerS4Wu6jq8HZ7fUjv5m1HC4GU="}},"n15RadwwVngUEo8lyOxBmGZommU4XmAklLB1nPNu6R0=":{"valueMac":{"type":"Buffer","data":"OYT457CpNqg74dBM/WbflMBh78UFVnZbU5W4l62QoYE="}},"oRaFK+rCHsV3XgizAt0BVSF7IOtaCHqF5kL6gRyPPSs=":{"valueMac":{"type":"Buffer","data":"nUitETv9VojEQUV8TrTd14L6L1Mwo5MwMoY/2K0FQ1I="}},"ofyvqogte/ZJsWKrFaz249YN49eVx5UjKPZTTtYO7dQ=":{"valueMac":{"type":"Buffer","data":"1kRfAv0PatP1sOnfDUtyY4u02AOumAxBXc92mXvCi40="}},"qJqCvNOPzxwck6/8uwKGfBhMrnlvuwLnlQIn6PQhWv0=":{"valueMac":{"type":"Buffer","data":"5pxfc76MZWBQDxnA++doSrisfB2IDLqNsi3a2Yeydtc="}},"qUlkMxPsaDMregSrQ+nKbs/4dXz/7PrCXAPhj+DgsL8=":{"valueMac":{"type":"Buffer","data":"uAHIQyzMpOyWVs3l21h30dLtyjIsjKTz9EbAL9cInvI="}},"q13ANvwyxpFmJdUNNSLJNGWhz11dl6VgE0VBcDXnDUM=":{"valueMac":{"type":"Buffer","data":"Qq7atTSHSHmT4ivRWE/FkHzZJc2JyAf3E+mMz7eF3BI="}},"q+Uu7dUm07YyORGcAr2Ua/J0/hfqOoDvD8OlE30qhYw=":{"valueMac":{"type":"Buffer","data":"mvzsYoeZF4GWBbLvOzaDLbysP3/TMDGm8S5gq+J3chQ="}},"rQZA9YilpMt2qy5vcL8IgTHZob6bc9sslCyYpxw6org=":{"valueMac":{"type":"Buffer","data":"0UfEZtja5Z/Hlr1jsKBu3JzKg/j80Tsa9z1w2iFRQg4="}},"rcizVywieUHMFNzI42q3dVhxwZPDB96/XomGBm/Ulgs=":{"valueMac":{"type":"Buffer","data":"PVHkGE3YCFZDoTNPiNtupSBVW7a3dkWbpXFcC4y/RJU="}},"rfWqc4ig2y9/MMvK1ELHI422IZh+jpz3M8U6bo00apA=":{"valueMac":{"type":"Buffer","data":"BXpB/i8MECid+TecJJrHluvf6Wfona5mOQykZxEeu+E="}},"rpmlogEfzSj9/EfgyN1jlp90dy6cLtjMUT01liHmXgg=":{"valueMac":{"type":"Buffer","data":"Rx4aHi4ZdTidNzS+B5tgxV0KmCme6HissxQB+dfwxS8="}},"rx3v7orQAulfIOPT4/8iRiR1vEt5HHeUVl/ytTpQnrY=":{"valueMac":{"type":"Buffer","data":"733FP1Z3uLVv80rzsEfausnYiJGoqI4WoDU9ou8mVRA="}},"sny3VAtdr2PSF1vMUGOot2QBZpvTHxtt3amspQqXF70=":{"valueMac":{"type":"Buffer","data":"JQmWc7/mmiYr/gpTdGJzUfczSCb1NUf/0VtS5EkrFz8="}},"sqjoESTYsSX0LDKjx1iLqmo6T5EkbiS28kBjOumeAnI=":{"valueMac":{"type":"Buffer","data":"0B554w1peZSCa4C42AzEEnuSVAhMkYrjSVCCC0+GctA="}},"tGl2r1YUCFhGigqCDdAVuST4qlYEUwnSOlvuBxt3v7I=":{"valueMac":{"type":"Buffer","data":"inB+bgDpVkqMQSPAlv13Mjgro2CjKCm1J5y4A6/JZeg="}},"tIhwnSMml3gMZFfYnLIiwcPbBsCB5Yra///+p2HR3kk=":{"valueMac":{"type":"Buffer","data":"3lSOc6iLsMc9YU2CY9UGntcJJ9Hr9BPredCtsJSJOJo="}},"t3c4lRB6jZTVYPbZgMoRyoYdmeev7v7eWfb/KYjHt4M=":{"valueMac":{"type":"Buffer","data":"MZwnPTQ3NLT44ZEnpdj0xv0P7gBODJhxbHpbbgDWuH0="}},"un8W1DFL4XCv/jtVyOVwnZ9bcxfhskv5W1F4bO9ureM=":{"valueMac":{"type":"Buffer","data":"xSzxrs3GM7qy4l98rcTtwc1VO3ym07V9rVqkKtHugiM="}},"u6yhNkkzPlzuoVmbiOuRpGTdu0p4EUjVkxhOjwfSsqU=":{"valueMac":{"type":"Buffer","data":"ShqSsV7uAe+hyi3E/eDdixNBMw9chtR8Yomq4MLYr/E="}},"vC0E+yy0SriDVgmbyJ+D42qSTk78Nnh5H4O7eGC21iY=":{"valueMac":{"type":"Buffer","data":"d3Jor51kY4Rjyug0fPA1wkflwF3+gOPq7ncHtcwnZTY="}},"vm5lwnDh4IKINyRGfMeHKPH3qmi86rT/fpS4spd8zcU=":{"valueMac":{"type":"Buffer","data":"aAVgWzXY/lHcM2StaRUyLeTc64WEqjIwYuf0rSUl4tw="}},"wBvWQMoE/XpdJ9RYfIgaAI2bBDzRsZiuwKykOU2a+n0=":{"valueMac":{"type":"Buffer","data":"QplfTPmoGo4dCDloptCDHd7TVuh89mr9GiqPsUCgJ98="}},"xCl1LEypMcoJFAA8VbqEUFMQpHNwMRXMvSASXuxwAK8=":{"valueMac":{"type":"Buffer","data":"rOWJUnU5mHMW4NvEWL+R2RchbF1cFxubH9RIHg7L+30="}},"xYKpusWJLKmq37DaJqmVszRLQHijHNWUX/hl7iAECQ4=":{"valueMac":{"type":"Buffer","data":"VoYldJ1pB5c2g6H+EeG9iqqCiMwoLtYC3TE+xp5seec="}},"xhsCeufWojM5ybcKh9sdsEPVlknXYDlPvaU1qeaeiCg=":{"valueMac":{"type":"Buffer","data":"w9IZPE7fqj5ZQP4U6fv3oxQkehrpqjDbRncz+WfcoVo="}},"x0GWlL1Nf541V63Ue/V2BgOZh3zDJs4wQ2x5p6wxcZc=":{"valueMac":{"type":"Buffer","data":"JESYCWx0gEp+ipu1kvu5fomQ23ao6j8GTyLyCSlDvMw="}},"yEjLKAeaq5v6WuOQQ2cK/Kk+wYCi79qe9osz9yhmMG0=":{"valueMac":{"type":"Buffer","data":"BVWcOaTG3OsF1GAjyMhZvbgZov6hrxagTRVYCkND3m4="}},"ybxA307aWylPYzIXog8o7qqZlPvqr+N6f8pym6uMXNU=":{"valueMac":{"type":"Buffer","data":"E2r/17uU1kwCX8oMJmrNZJb8uS1R16+RS6npA6TQWe4="}},"yxCl7YFeQlZSDuorV2ok1hOnPud28MKaEsEETNhxc4Q=":{"valueMac":{"type":"Buffer","data":"zEe8lyg/jD3BhoAsD9JODD5r02uBgQYSV/kxXtzdyWU="}},"y0LL0pDnvlhRH7gLXOvdd/TxwFdCLZTjPZcYjK5x8ns=":{"valueMac":{"type":"Buffer","data":"ZL9mloXQgaz4+2TaAljwq7XJLDSYG1lG5isffHY4/S8="}},"0eWG0loykcuuebLF4M6SnWJAsBxpGQKPf55V0zs0ym8=":{"valueMac":{"type":"Buffer","data":"UrHpUfy4zPDXy0LCCfuaHJlHpjaQXY/n6kcjQGc0Dpw="}},"1Q0OX1FeAFkjIxxRGXCa1NMznjRZ4+24ACdexnsHba8=":{"valueMac":{"type":"Buffer","data":"QxD//424bpKRfa624VtO5A6NQ72QLTaBbQXbgBW5xAM="}},"1sUAL7MSXotQdTryQOKoy/ic2Zf6nECaITHlyFfuc4U=":{"valueMac":{"type":"Buffer","data":"cw7PleRW+lxMF19UFTC/JBY+N1o2wAqtaBA0cO3BVK4="}},"2m7Zj4waLlOgTkAK7NyQdFfs1ZRRFIwuVDWbY9si95E=":{"valueMac":{"type":"Buffer","data":"YqBqjqG35hrs73sQRRh5TBr3G1K1iUtPhupGQEAQnGE="}},"2nlr4mqJRz0ttEXzVYI6GKNuj2T0XxpV8VoLxNSd1UQ=":{"valueMac":{"type":"Buffer","data":"vBqW0ty7/fwB77TtS+Rijakdmn5LnMDyTUa38Y41DKI="}},"21kJgII3d8QufnyLGDL+6/YomApJhLdbNoncErxANSU=":{"valueMac":{"type":"Buffer","data":"r3N0wTOsj+BCo0rdVic4JZHFrqcCfGVYpL3QLy0Y/A8="}},"3ws4wDxZX7Be/4uWsd07/xM/VNp3Nx6saLZNRapOl1c=":{"valueMac":{"type":"Buffer","data":"HEZxXuYuYeL/6jeppiFWk08rGOYi6GWHkd5naSIqx4I="}},"4gYtu95U5kBwBLdPvypQKJF0lSEIixtfHdutSLzsbTo=":{"valueMac":{"type":"Buffer","data":"H/gbDWxzYBXmnag4wYAnJyARWWk3iMQFWXn+uk/+9+Q="}},"5bTSM9ySQUhz0aj1fbrxvfRDsIbR13R6NkBiN6bjvqQ=":{"valueMac":{"type":"Buffer","data":"KS9WblfTL6NAA66t6047CHfOYOirrfBfFCGFpJC+fZo="}},"6dPveeQbiygKBBk+BRygf5TLD3A/kKTP/CLn8CzsfQM=":{"valueMac":{"type":"Buffer","data":"NTBf5ypyT+YoKAgUVAoeyhTRwJ/q34XhvXNxkDecZCQ="}},"7Ub0BQfzj8e206OhA4F16uUKwxqJEYQCfpA1SAsfWxI=":{"valueMac":{"type":"Buffer","data":"IyNIrhexe4ww4han1DwzzpLvaAzZvii5IV5ZseEIcmQ="}},"8Me3jc5jH1oa8CFrLTITgRM1RXEqMX5yNc9P/QdEQts=":{"valueMac":{"type":"Buffer","data":"hM9v0cad/jXV6/kQrEf1aC3ucKQS4IVYfMtKbJpg6iE="}},"8Uv9VgkmemQgU5R1NZIpVIjZTRMyoOgcrPPN3E92INE=":{"valueMac":{"type":"Buffer","data":"Lc/llrjJh7wJwYuFBCUImjC6Cb5L7khKCnLQe2a1yvQ="}},"8VB6BeMoXD2v8kOipXy9g9lcjRoRKLOGL2mv+c6yGE4=":{"valueMac":{"type":"Buffer","data":"bc6ZUAH8GDcQnC5HFplOnMDyhWt1PMJAqk3pcgzhn7E="}},"8yAG+HKQ38Kinx7xiHpX1caDadprOyqdXOlmqP1ASUk=":{"valueMac":{"type":"Buffer","data":"nnf8rz9Tzxm91nAuJSveNt7A31q2tJ0rPX1kVJ2TBe0="}},"8zer9c+fK6db9+wukxwLGlZXL29orbwHenW4W13P3cc=":{"valueMac":{"type":"Buffer","data":"KfvSNHw+F38lhKLV9ans2yIucenJ+sxGItbWbM/SzRQ="}},"9oRQzFVmDldnRQuSh6fM3nKTsoyef/Ytp61/Il+FMLI=":{"valueMac":{"type":"Buffer","data":"Qlt9G2/bfvAhFflIfsHeqwUkwQIWUml8s94Jnix/mxE="}},"97Qa0ki5g7hC5cbFeeM+viMQddEfatz2QNhMSrvvC+g=":{"valueMac":{"type":"Buffer","data":"xygdsTUHZNzegtKlqZ7h4mhJ9MFx7rhDrlK1ueV4wHI="}},"+F5C79d+LevJurfnwgxMmrpFNdTjpehFEAZ1XeMMQbU=":{"valueMac":{"type":"Buffer","data":"0RZP9zwh7Ct2fDO8Ot+3ZiLM99FNw0QJktA2S60USQs="}},"+SEPYMYI1j9XLVAaodtYg3VKtQCin0UFpn3pvDl3+dw=":{"valueMac":{"type":"Buffer","data":"Fb37SaNDwEE6XY9/FnLegyiClcsAB6Cr/PzsdCOKE+I="}},"+iV5q/0UO4bdcZ3oFIfaT7yAKF2WyjfIfGRdM56tFC8=":{"valueMac":{"type":"Buffer","data":"IxGAsOmqjOuiOE8ziRH7A2zRhIrHy+iOHgPdlXEV5vQ="}},"+rVqK7nCspqP1Vj6kgMiZkAmolmICJiXom8QlrZb2Ms=":{"valueMac":{"type":"Buffer","data":"9FEjPzINDqVB3EJePHGJxM2IzDvunooQqVsroFupm+c="}},"bjZJPx+arsszgYnKji++Q1ke+yr/5Qia8+DE39BqyLY=":{"valueMac":{"type":"Buffer","data":"AVe4aU4f51gQ5Jp5Fym7uFUVhqgaAPb8VseqaHiTiV8="}},"WW5+Rfb1Lbl7ABrVFBxluxj7E/EFzBTNkI5Q2A9xhNk=":{"valueMac":{"type":"Buffer","data":"UnIyxsLCKdK7mN0lRhg+6HCwNSTmpbNxO+1C4jLwfg4="}},"A97O6AYXyKzkVHwnMRutQyDyQu7nnywwL/SuHte+mp0=":{"valueMac":{"type":"Buffer","data":"vcSQM0IWCsk5IevMeW3ujUe49nuhhIg25r+l4iCKLJQ="}},"Qp2N1z1p6xjowLqQ0YWApnAGiXwJUG7SzaXtdM7suKA=":{"valueMac":{"type":"Buffer","data":"v0e8u8hW4I4jXkeHav3Dlt/OMjs1Y9PdF8wqoeKts3s="}},"hstxjnMUA8XVik7RkmItKav5t+LukmyaFe4z25k/QO4=":{"valueMac":{"type":"Buffer","data":"u1YOz81U5VVpf3QG73vAy1iqcUYP8mrta/KFwVhpOS8="}},"lnQQMT+rGTQ+sChSnJlLAqtpwf9Hsfjqq5KjYSBxwCc=":{"valueMac":{"type":"Buffer","data":"2TECxfC+G2ZO9nljxRClB0etgaCN5+9ZTOjcMSVjJxo="}},"fdoibR6MKa2/FxZTO4DJb4TDjtsqaQtiN/Y82fZYMbs=":{"valueMac":{"type":"Buffer","data":"OMLxz79V9PahwN3SDDIfCOhE4lvnpSbhNrVy3gxri1A="}},"GB8mXQkKeGSTxZUMql9w1wGqZYa6sUeA+yz+hl8Ox+A=":{"valueMac":{"type":"Buffer","data":"OJYO2yg1MlQrBiIfHJQNKx92RUonuNAvApJfJDT1DI0="}}}}