{"noiseKey":{"private":{"type":"Buffer","data":"APjWPVY9Q2sJa+whrT9VNlOinuuQflYVq+hi+J9661o="},"public":{"type":"Buffer","data":"vEIULrvVZNeXtB86ZgdkdExgJd2XGABBrQELFbdb7Fs="}},"signedIdentityKey":{"private":{"type":"Buffer","data":"QFTATKQsygyvj43p9SvIJ6lvTM8tRNjfV//UQnwZxFg="},"public":{"type":"Buffer","data":"WvEpI+WPZ/uLYo8zHWNlxwS6pP/z8DN90g2lr4XpiQ0="}},"signedPreKey":{"keyPair":{"private":{"type":"Buffer","data":"oEiU0HuRqpLiec28tkogXgKq05ISF1WgmIt+xnN+tE0="},"public":{"type":"Buffer","data":"qJ/1NrfVJHgxNRtxtCy2tbfNiE7UIDioWJrJ0dW60Uo="}},"signature":{"type":"Buffer","data":"KKbYkftKxNtBFKKblt2xMCpD53GQvBLU2CQ5UreZG3NO19jgD/pgaRo2wQAr44tuwtvs9aDgyDkHCklalDaACw=="},"keyId":1},"registrationId":146,"advSecretKey":"CrHn1L6MSKLaCchuEIKWplPGEJZKONAsjnZZFSdP0ps=","processedHistoryMessages":[{"key":{"remoteJid":"5514998077233@s.whatsapp.net","fromMe":true,"id":"F68F5704936618939A2B74101FF9837B"},"messageTimestamp":1668111411},{"key":{"remoteJid":"5514998077233@s.whatsapp.net","fromMe":true,"id":"8EEC89F672CA78BCA7D4BE6142561B4E"},"messageTimestamp":1668111412},{"key":{"remoteJid":"5514998077233@s.whatsapp.net","fromMe":true,"id":"083135EAB37CBCD4BD89626D3CDE4C93"},"messageTimestamp":1668111441},{"key":{"remoteJid":"5514998077233@s.whatsapp.net","fromMe":true,"id":"28EB2F8A6D75638CA7FD77D1C7414B6D"},"messageTimestamp":1668111469},{"key":{"remoteJid":"5514998077233@s.whatsapp.net","fromMe":true,"id":"CC9D883F1DDA66433D352535F678C065"},"messageTimestamp":1668111470}],"nextPreKeyId":142,"firstUnuploadedPreKeyId":142,"accountSettings":{"unarchiveChats":false},"account":{"details":"CK75wNwEEKq4tZsGGAU=","accountSignatureKey":"xixeyDYVQcCrbL++OMTGcnuPknhfdX//WeQXsH2QYGE=","accountSignature":"rAzakmG06S2I8AH2bEGaHkM8o3W0XOC2xV5tY+EdNqK+BZS4JLgpRkYlT+ANWI+UzLV+AqL7AJfjN90yAg/DAQ==","deviceSignature":"jIZKM+Tu6pQVcOUYONTBneTqDAC/iOtmcUWckY448owL4r7vNqB//2Vd++vj3jAjHDWl89WIPk27zOhkbljvCA=="},"me":{"id":"5514998077233:16@s.whatsapp.net","name":"Natã"},"signalIdentities":[{"identifier":{"name":"5514998077233:16@s.whatsapp.net","deviceId":0},"identifierKey":{"type":"Buffer","data":"BcYsXsg2FUHAq2y/vjjExnJ7j5J4X3V//1nkF7B9kGBh"}}],"platform":"smba","lastAccountSyncTimestamp":1668111562,"myAppStateKeyId":"AAAAAHfY"}