[{"senderKeyId":2045373983,"senderChainKey":{"iteration":45,"seed":"7J6O8CN3T8og2DVLvv8Sw+dFAcVADqO5RkP6zUQ9jEw="},"senderSigningKey":{"public":"BV+kpGUDg/HVu4jM9W/WC0ljLR/+F3jxhjkYz12Q0I0V"},"senderMessageKeys":[{},{},{},{},{},{},{},{},{},{}]},{"senderKeyId":2045373983,"senderChainKey":{"iteration":40,"seed":"EpLkuYercD5xNa+ICdVXuzmahD7TvWLYjv69kizBUGw="},"senderSigningKey":{"public":"BV+kpGUDg/HVu4jM9W/WC0ljLR/+F3jxhjkYz12Q0I0V"},"senderMessageKeys":[]},{"senderKeyId":2045373983,"senderChainKey":{"iteration":41,"seed":"MXfNp5ipWjtAuXslD6Px5VUeQ3gyVRofFVZuOCv9ahA="},"senderSigningKey":{"public":"BV+kpGUDg/HVu4jM9W/WC0ljLR/+F3jxhjkYz12Q0I0V"}}]