[{"senderKeyId":1850620403,"senderChainKey":{"iteration":1,"seed":"AbQDfZoZSgnfk20M67NOlupNldL1LAFTOzvudDVNbuc="},"senderSigningKey":{"public":"BWseHdtSDgVSVklSTexc1RmKK51AkcEjO64c0mgszHM+"},"senderMessageKeys":[]},{"senderKeyId":425745762,"senderChainKey":{"iteration":0,"seed":"irvWPrmLcqZ2AtQXpXQkds73TR4m60WhEBZxL2Kn1kg="},"senderSigningKey":{"public":"BXkge1qOPECtU8gUntL+IncCm8CWgr6XEKkxw4vmr0It"},"senderMessageKeys":[]},{"senderKeyId":425745762,"senderChainKey":{"iteration":0,"seed":"irvWPrmLcqZ2AtQXpXQkds73TR4m60WhEBZxL2Kn1kg="},"senderSigningKey":{"public":"BXkge1qOPECtU8gUntL+IncCm8CWgr6XEKkxw4vmr0It"}}]