[{"senderKeyId":1170666086,"senderChainKey":{"iteration":1,"seed":"s+0sa1ngy2dgGnEDI53Jqr3+cWI9ZUacPcIUXg4ec5Y="},"senderSigningKey":{"public":"BRAVi5kWFlN4qmF9BANMZ36x2z+qCvSBjuD7Kfp6yvZl"},"senderMessageKeys":[]},{"senderKeyId":1534190175,"senderChainKey":{"iteration":0,"seed":"wYwvjThzRkRmMBGVIavTbpnpfZiZJnpsW43u8EsCd30="},"senderSigningKey":{"public":"BfM0RZ/49Ihx0kKdSZIVD4PFUd6Fy0jG9j+ZPpdBc1M3"},"senderMessageKeys":[]},{"senderKeyId":1534190175,"senderChainKey":{"iteration":0,"seed":"wYwvjThzRkRmMBGVIavTbpnpfZiZJnpsW43u8EsCd30="},"senderSigningKey":{"public":"BfM0RZ/49Ihx0kKdSZIVD4PFUd6Fy0jG9j+ZPpdBc1M3"},"senderMessageKeys":[]},{"senderKeyId":1534190175,"senderChainKey":{"iteration":0,"seed":"wYwvjThzRkRmMBGVIavTbpnpfZiZJnpsW43u8EsCd30="},"senderSigningKey":{"public":"BfM0RZ/49Ihx0kKdSZIVD4PFUd6Fy0jG9j+ZPpdBc1M3"},"senderMessageKeys":[]},{"senderKeyId":1534190175,"senderChainKey":{"iteration":0,"seed":"wYwvjThzRkRmMBGVIavTbpnpfZiZJnpsW43u8EsCd30="},"senderSigningKey":{"public":"BfM0RZ/49Ihx0kKdSZIVD4PFUd6Fy0jG9j+ZPpdBc1M3"},"senderMessageKeys":[]},{"senderKeyId":1534190175,"senderChainKey":{"iteration":0,"seed":"wYwvjThzRkRmMBGVIavTbpnpfZiZJnpsW43u8EsCd30="},"senderSigningKey":{"public":"BfM0RZ/49Ihx0kKdSZIVD4PFUd6Fy0jG9j+ZPpdBc1M3"},"senderMessageKeys":[]},{"senderKeyId":1534190175,"senderChainKey":{"iteration":0,"seed":"wYwvjThzRkRmMBGVIavTbpnpfZiZJnpsW43u8EsCd30="},"senderSigningKey":{"public":"BfM0RZ/49Ihx0kKdSZIVD4PFUd6Fy0jG9j+ZPpdBc1M3"},"senderMessageKeys":[]},{"senderKeyId":1534190175,"senderChainKey":{"iteration":0,"seed":"wYwvjThzRkRmMBGVIavTbpnpfZiZJnpsW43u8EsCd30="},"senderSigningKey":{"public":"BfM0RZ/49Ihx0kKdSZIVD4PFUd6Fy0jG9j+ZPpdBc1M3"},"senderMessageKeys":[]},{"senderKeyId":1534190175,"senderChainKey":{"iteration":0,"seed":"wYwvjThzRkRmMBGVIavTbpnpfZiZJnpsW43u8EsCd30="},"senderSigningKey":{"public":"BfM0RZ/49Ihx0kKdSZIVD4PFUd6Fy0jG9j+ZPpdBc1M3"},"senderMessageKeys":[]},{"senderKeyId":1534190175,"senderChainKey":{"iteration":0,"seed":"wYwvjThzRkRmMBGVIavTbpnpfZiZJnpsW43u8EsCd30="},"senderSigningKey":{"public":"BfM0RZ/49Ihx0kKdSZIVD4PFUd6Fy0jG9j+ZPpdBc1M3"},"senderMessageKeys":[]},{"senderKeyId":1534190175,"senderChainKey":{"iteration":0,"seed":"wYwvjThzRkRmMBGVIavTbpnpfZiZJnpsW43u8EsCd30="},"senderSigningKey":{"public":"BfM0RZ/49Ihx0kKdSZIVD4PFUd6Fy0jG9j+ZPpdBc1M3"},"senderMessageKeys":[]},{"senderKeyId":1534190175,"senderChainKey":{"iteration":0,"seed":"wYwvjThzRkRmMBGVIavTbpnpfZiZJnpsW43u8EsCd30="},"senderSigningKey":{"public":"BfM0RZ/49Ihx0kKdSZIVD4PFUd6Fy0jG9j+ZPpdBc1M3"},"senderMessageKeys":[]},{"senderKeyId":1534190175,"senderChainKey":{"iteration":0,"seed":"wYwvjThzRkRmMBGVIavTbpnpfZiZJnpsW43u8EsCd30="},"senderSigningKey":{"public":"BfM0RZ/49Ihx0kKdSZIVD4PFUd6Fy0jG9j+ZPpdBc1M3"},"senderMessageKeys":[]},{"senderKeyId":1534190175,"senderChainKey":{"iteration":0,"seed":"wYwvjThzRkRmMBGVIavTbpnpfZiZJnpsW43u8EsCd30="},"senderSigningKey":{"public":"BfM0RZ/49Ihx0kKdSZIVD4PFUd6Fy0jG9j+ZPpdBc1M3"},"senderMessageKeys":[]},{"senderKeyId":1534190175,"senderChainKey":{"iteration":0,"seed":"wYwvjThzRkRmMBGVIavTbpnpfZiZJnpsW43u8EsCd30="},"senderSigningKey":{"public":"BfM0RZ/49Ihx0kKdSZIVD4PFUd6Fy0jG9j+ZPpdBc1M3"},"senderMessageKeys":[]},{"senderKeyId":1534190175,"senderChainKey":{"iteration":0,"seed":"wYwvjThzRkRmMBGVIavTbpnpfZiZJnpsW43u8EsCd30="},"senderSigningKey":{"public":"BfM0RZ/49Ihx0kKdSZIVD4PFUd6Fy0jG9j+ZPpdBc1M3"},"senderMessageKeys":[]},{"senderKeyId":1534190175,"senderChainKey":{"iteration":0,"seed":"wYwvjThzRkRmMBGVIavTbpnpfZiZJnpsW43u8EsCd30="},"senderSigningKey":{"public":"BfM0RZ/49Ihx0kKdSZIVD4PFUd6Fy0jG9j+ZPpdBc1M3"},"senderMessageKeys":[]},{"senderKeyId":1534190175,"senderChainKey":{"iteration":0,"seed":"wYwvjThzRkRmMBGVIavTbpnpfZiZJnpsW43u8EsCd30="},"senderSigningKey":{"public":"BfM0RZ/49Ihx0kKdSZIVD4PFUd6Fy0jG9j+ZPpdBc1M3"},"senderMessageKeys":[]},{"senderKeyId":1534190175,"senderChainKey":{"iteration":0,"seed":"wYwvjThzRkRmMBGVIavTbpnpfZiZJnpsW43u8EsCd30="},"senderSigningKey":{"public":"BfM0RZ/49Ihx0kKdSZIVD4PFUd6Fy0jG9j+ZPpdBc1M3"},"senderMessageKeys":[]},{"senderKeyId":1534190175,"senderChainKey":{"iteration":0,"seed":"wYwvjThzRkRmMBGVIavTbpnpfZiZJnpsW43u8EsCd30="},"senderSigningKey":{"public":"BfM0RZ/49Ihx0kKdSZIVD4PFUd6Fy0jG9j+ZPpdBc1M3"},"senderMessageKeys":[]},{"senderKeyId":1534190175,"senderChainKey":{"iteration":0,"seed":"wYwvjThzRkRmMBGVIavTbpnpfZiZJnpsW43u8EsCd30="},"senderSigningKey":{"public":"BfM0RZ/49Ihx0kKdSZIVD4PFUd6Fy0jG9j+ZPpdBc1M3"},"senderMessageKeys":[]},{"senderKeyId":1534190175,"senderChainKey":{"iteration":0,"seed":"wYwvjThzRkRmMBGVIavTbpnpfZiZJnpsW43u8EsCd30="},"senderSigningKey":{"public":"BfM0RZ/49Ihx0kKdSZIVD4PFUd6Fy0jG9j+ZPpdBc1M3"},"senderMessageKeys":[]},{"senderKeyId":1534190175,"senderChainKey":{"iteration":0,"seed":"wYwvjThzRkRmMBGVIavTbpnpfZiZJnpsW43u8EsCd30="},"senderSigningKey":{"public":"BfM0RZ/49Ihx0kKdSZIVD4PFUd6Fy0jG9j+ZPpdBc1M3"},"senderMessageKeys":[]},{"senderKeyId":1534190175,"senderChainKey":{"iteration":0,"seed":"wYwvjThzRkRmMBGVIavTbpnpfZiZJnpsW43u8EsCd30="},"senderSigningKey":{"public":"BfM0RZ/49Ihx0kKdSZIVD4PFUd6Fy0jG9j+ZPpdBc1M3"},"senderMessageKeys":[]},{"senderKeyId":1534190175,"senderChainKey":{"iteration":0,"seed":"wYwvjThzRkRmMBGVIavTbpnpfZiZJnpsW43u8EsCd30="},"senderSigningKey":{"public":"BfM0RZ/49Ihx0kKdSZIVD4PFUd6Fy0jG9j+ZPpdBc1M3"},"senderMessageKeys":[]},{"senderKeyId":1534190175,"senderChainKey":{"iteration":0,"seed":"wYwvjThzRkRmMBGVIavTbpnpfZiZJnpsW43u8EsCd30="},"senderSigningKey":{"public":"BfM0RZ/49Ihx0kKdSZIVD4PFUd6Fy0jG9j+ZPpdBc1M3"}}]