[{"senderKeyId":990911505,"senderChainKey":{"iteration":1,"seed":"W/Z+zzRi/UIXnW9X1JwBMRlpV/pXrHRvhmF0dRTIzXM="},"senderSigningKey":{"public":"BS1OHH2fYuaO920oh21aihjB+vtPEKEw6YMZmn0EHxJk"},"senderMessageKeys":[]},{"senderKeyId":990911505,"senderChainKey":{"iteration":2,"seed":"RTZnSQ9Knsa2pRk7vzA7y/XeZ0vA7a1o96hbfh22SqA="},"senderSigningKey":{"public":"BS1OHH2fYuaO920oh21aihjB+vtPEKEw6YMZmn0EHxJk"},"senderMessageKeys":[]},{"senderKeyId":316759092,"senderChainKey":{"iteration":2,"seed":"uMABFTjAdD+8b332Xm8NZVwmYzRLuHUci0eUObkw3RE="},"senderSigningKey":{"public":"BZLmhug+7CmISe5YF5kudRcGzCYRmNzDUU8GGk268WIe"},"senderMessageKeys":[]}]{}]}]]}]