[{"senderKeyId":2129385114,"senderChainKey":{"iteration":1,"seed":"bKAtPCU/1ZHVxMJcZX4BgWjeyW0CiU3NdBCHBAhduOo="},"senderSigningKey":{"public":"BZW7YVK1BPCuBdRJkN+Mv7Uw5pODv0+0GG4l1ENNKCNs"},"senderMessageKeys":[]},{"senderKeyId":2129385114,"senderChainKey":{"iteration":5,"seed":"ig0XaC0X5NYhaR0yw1WDG/Kbu8DcK28Qq3KnpVRRGF8="},"senderSigningKey":{"public":"BZW7YVK1BPCuBdRJkN+Mv7Uw5pODv0+0GG4l1ENNKCNs"},"senderMessageKeys":[]},{"senderKeyId":2129385114,"senderChainKey":{"iteration":5,"seed":"ig0XaC0X5NYhaR0yw1WDG/Kbu8DcK28Qq3KnpVRRGF8="},"senderSigningKey":{"public":"BZW7YVK1BPCuBdRJkN+Mv7Uw5pODv0+0GG4l1ENNKCNs"}}]