[{"senderKeyId":775498397,"senderChainKey":{"iteration":1,"seed":"t9IduR9oo4nR9H1l/dis06MBldxsx1eI++UfdRnaKbo="},"senderSigningKey":{"public":"BVhgmLL2RtjIE8sxEmHsRvOBAjEjidU3AXDT0OtcaPcd"},"senderMessageKeys":[]},{"senderKeyId":775498397,"senderChainKey":{"iteration":1,"seed":"t9IduR9oo4nR9H1l/dis06MBldxsx1eI++UfdRnaKbo="},"senderSigningKey":{"public":"BVhgmLL2RtjIE8sxEmHsRvOBAjEjidU3AXDT0OtcaPcd"},"senderMessageKeys":[]},{"senderKeyId":1762801475,"senderChainKey":{"iteration":2,"seed":"nTxIjH168MZ1W3qTnZsjroooveRbqDwRxle7nCTr0yI="},"senderSigningKey":{"public":"BY+U1E5EysXhRPW/qQQYYayDIos7P6CbYEnSVtndfwgK"},"senderMessageKeys":[]},{"senderKeyId":17166081,"senderChainKey":{"iteration":4,"seed":"3Ij/Ax9FKmXSZa77VDAv9YF1hOC9qBQ1eq8D1ny0K8k="},"senderSigningKey":{"public":"BSmnUEHC2/mYxeNrVWdQEDoN5zaZ7itjLa6f3tCQ6Pl/"}}]}]