[{"senderKeyId":984660494,"senderChainKey":{"iteration":10,"seed":"w+1vDJo5F047KLQoxaLT/q4Tn8LwxI0yIblF1nLhCwM="},"senderSigningKey":{"public":"BSIX3q1oHFo49Oj8x7NFPDzZO0b1CVAHAq1HZhar1Ytn"},"senderMessageKeys":[]},{"senderKeyId":984660494,"senderChainKey":{"iteration":23,"seed":"LTJGxJ6JGqUjmQQmZDaf7c3D0r5tn9uh3YTOl/EjlJ8="},"senderSigningKey":{"public":"BSIX3q1oHFo49Oj8x7NFPDzZO0b1CVAHAq1HZhar1Ytn"},"senderMessageKeys":[]},{"senderKeyId":984660494,"senderChainKey":{"iteration":23,"seed":"LTJGxJ6JGqUjmQQmZDaf7c3D0r5tn9uh3YTOl/EjlJ8="},"senderSigningKey":{"public":"BSIX3q1oHFo49Oj8x7NFPDzZO0b1CVAHAq1HZhar1Ytn"}}]