[{"senderKeyId":1674341949,"senderChainKey":{"iteration":32,"seed":"eO5YzC8prL3E2/dGz0ukt+0hgPHOvKVU8bcTy/YTcNE="},"senderSigningKey":{"public":"BduS3p+CDZT+x+3uuMHfL7etzN/jLKwC9jDMVYa9OqEY"},"senderMessageKeys":[]},{"senderKeyId":1674341949,"senderChainKey":{"iteration":32,"seed":"eO5YzC8prL3E2/dGz0ukt+0hgPHOvKVU8bcTy/YTcNE="},"senderSigningKey":{"public":"BduS3p+CDZT+x+3uuMHfL7etzN/jLKwC9jDMVYa9OqEY"},"senderMessageKeys":[]},{"senderKeyId":1674341949,"senderChainKey":{"iteration":32,"seed":"eO5YzC8prL3E2/dGz0ukt+0hgPHOvKVU8bcTy/YTcNE="},"senderSigningKey":{"public":"BduS3p+CDZT+x+3uuMHfL7etzN/jLKwC9jDMVYa9OqEY"},"senderMessageKeys":[]},{"senderKeyId":1674341949,"senderChainKey":{"iteration":32,"seed":"eO5YzC8prL3E2/dGz0ukt+0hgPHOvKVU8bcTy/YTcNE="},"senderSigningKey":{"public":"BduS3p+CDZT+x+3uuMHfL7etzN/jLKwC9jDMVYa9OqEY"},"senderMessageKeys":[]},{"senderKeyId":1674341949,"senderChainKey":{"iteration":32,"seed":"eO5YzC8prL3E2/dGz0ukt+0hgPHOvKVU8bcTy/YTcNE="},"senderSigningKey":{"public":"BduS3p+CDZT+x+3uuMHfL7etzN/jLKwC9jDMVYa9OqEY"},"senderMessageKeys":[]},{"senderKeyId":1674341949,"senderChainKey":{"iteration":32,"seed":"eO5YzC8prL3E2/dGz0ukt+0hgPHOvKVU8bcTy/YTcNE="},"senderSigningKey":{"public":"BduS3p+CDZT+x+3uuMHfL7etzN/jLKwC9jDMVYa9OqEY"},"senderMessageKeys":[]},{"senderKeyId":1674341949,"senderChainKey":{"iteration":32,"seed":"eO5YzC8prL3E2/dGz0ukt+0hgPHOvKVU8bcTy/YTcNE="},"senderSigningKey":{"public":"BduS3p+CDZT+x+3uuMHfL7etzN/jLKwC9jDMVYa9OqEY"},"senderMessageKeys":[]},{"senderKeyId":1674341949,"senderChainKey":{"iteration":32,"seed":"eO5YzC8prL3E2/dGz0ukt+0hgPHOvKVU8bcTy/YTcNE="},"senderSigningKey":{"public":"BduS3p+CDZT+x+3uuMHfL7etzN/jLKwC9jDMVYa9OqEY"},"senderMessageKeys":[]},{"senderKeyId":1674341949,"senderChainKey":{"iteration":32,"seed":"eO5YzC8prL3E2/dGz0ukt+0hgPHOvKVU8bcTy/YTcNE="},"senderSigningKey":{"public":"BduS3p+CDZT+x+3uuMHfL7etzN/jLKwC9jDMVYa9OqEY"},"senderMessageKeys":[]},{"senderKeyId":1674341949,"senderChainKey":{"iteration":32,"seed":"eO5YzC8prL3E2/dGz0ukt+0hgPHOvKVU8bcTy/YTcNE="},"senderSigningKey":{"public":"BduS3p+CDZT+x+3uuMHfL7etzN/jLKwC9jDMVYa9OqEY"},"senderMessageKeys":[]},{"senderKeyId":1674341949,"senderChainKey":{"iteration":32,"seed":"eO5YzC8prL3E2/dGz0ukt+0hgPHOvKVU8bcTy/YTcNE="},"senderSigningKey":{"public":"BduS3p+CDZT+x+3uuMHfL7etzN/jLKwC9jDMVYa9OqEY"},"senderMessageKeys":[]},{"senderKeyId":1674341949,"senderChainKey":{"iteration":32,"seed":"eO5YzC8prL3E2/dGz0ukt+0hgPHOvKVU8bcTy/YTcNE="},"senderSigningKey":{"public":"BduS3p+CDZT+x+3uuMHfL7etzN/jLKwC9jDMVYa9OqEY"},"senderMessageKeys":[]},{"senderKeyId":1674341949,"senderChainKey":{"iteration":32,"seed":"eO5YzC8prL3E2/dGz0ukt+0hgPHOvKVU8bcTy/YTcNE="},"senderSigningKey":{"public":"BduS3p+CDZT+x+3uuMHfL7etzN/jLKwC9jDMVYa9OqEY"},"senderMessageKeys":[]},{"senderKeyId":1674341949,"senderChainKey":{"iteration":32,"seed":"eO5YzC8prL3E2/dGz0ukt+0hgPHOvKVU8bcTy/YTcNE="},"senderSigningKey":{"public":"BduS3p+CDZT+x+3uuMHfL7etzN/jLKwC9jDMVYa9OqEY"},"senderMessageKeys":[]},{"senderKeyId":1674341949,"senderChainKey":{"iteration":32,"seed":"eO5YzC8prL3E2/dGz0ukt+0hgPHOvKVU8bcTy/YTcNE="},"senderSigningKey":{"public":"BduS3p+CDZT+x+3uuMHfL7etzN/jLKwC9jDMVYa9OqEY"},"senderMessageKeys":[]},{"senderKeyId":1674341949,"senderChainKey":{"iteration":32,"seed":"eO5YzC8prL3E2/dGz0ukt+0hgPHOvKVU8bcTy/YTcNE="},"senderSigningKey":{"public":"BduS3p+CDZT+x+3uuMHfL7etzN/jLKwC9jDMVYa9OqEY"},"senderMessageKeys":[]},{"senderKeyId":1674341949,"senderChainKey":{"iteration":32,"seed":"eO5YzC8prL3E2/dGz0ukt+0hgPHOvKVU8bcTy/YTcNE="},"senderSigningKey":{"public":"BduS3p+CDZT+x+3uuMHfL7etzN/jLKwC9jDMVYa9OqEY"},"senderMessageKeys":[]},{"senderKeyId":1674341949,"senderChainKey":{"iteration":32,"seed":"eO5YzC8prL3E2/dGz0ukt+0hgPHOvKVU8bcTy/YTcNE="},"senderSigningKey":{"public":"BduS3p+CDZT+x+3uuMHfL7etzN/jLKwC9jDMVYa9OqEY"},"senderMessageKeys":[]},{"senderKeyId":1674341949,"senderChainKey":{"iteration":32,"seed":"eO5YzC8prL3E2/dGz0ukt+0hgPHOvKVU8bcTy/YTcNE="},"senderSigningKey":{"public":"BduS3p+CDZT+x+3uuMHfL7etzN/jLKwC9jDMVYa9OqEY"},"senderMessageKeys":[]},{"senderKeyId":1674341949,"senderChainKey":{"iteration":32,"seed":"eO5YzC8prL3E2/dGz0ukt+0hgPHOvKVU8bcTy/YTcNE="},"senderSigningKey":{"public":"BduS3p+CDZT+x+3uuMHfL7etzN/jLKwC9jDMVYa9OqEY"},"senderMessageKeys":[]},{"senderKeyId":1674341949,"senderChainKey":{"iteration":32,"seed":"eO5YzC8prL3E2/dGz0ukt+0hgPHOvKVU8bcTy/YTcNE="},"senderSigningKey":{"public":"BduS3p+CDZT+x+3uuMHfL7etzN/jLKwC9jDMVYa9OqEY"},"senderMessageKeys":[]},{"senderKeyId":1674341949,"senderChainKey":{"iteration":32,"seed":"eO5YzC8prL3E2/dGz0ukt+0hgPHOvKVU8bcTy/YTcNE="},"senderSigningKey":{"public":"BduS3p+CDZT+x+3uuMHfL7etzN/jLKwC9jDMVYa9OqEY"},"senderMessageKeys":[]},{"senderKeyId":1674341949,"senderChainKey":{"iteration":32,"seed":"eO5YzC8prL3E2/dGz0ukt+0hgPHOvKVU8bcTy/YTcNE="},"senderSigningKey":{"public":"BduS3p+CDZT+x+3uuMHfL7etzN/jLKwC9jDMVYa9OqEY"},"senderMessageKeys":[]},{"senderKeyId":1674341949,"senderChainKey":{"iteration":32,"seed":"eO5YzC8prL3E2/dGz0ukt+0hgPHOvKVU8bcTy/YTcNE="},"senderSigningKey":{"public":"BduS3p+CDZT+x+3uuMHfL7etzN/jLKwC9jDMVYa9OqEY"},"senderMessageKeys":[]},{"senderKeyId":1674341949,"senderChainKey":{"iteration":32,"seed":"eO5YzC8prL3E2/dGz0ukt+0hgPHOvKVU8bcTy/YTcNE="},"senderSigningKey":{"public":"BduS3p+CDZT+x+3uuMHfL7etzN/jLKwC9jDMVYa9OqEY"},"senderMessageKeys":[]},{"senderKeyId":1674341949,"senderChainKey":{"iteration":32,"seed":"eO5YzC8prL3E2/dGz0ukt+0hgPHOvKVU8bcTy/YTcNE="},"senderSigningKey":{"public":"BduS3p+CDZT+x+3uuMHfL7etzN/jLKwC9jDMVYa9OqEY"},"senderMessageKeys":[]},{"senderKeyId":1674341949,"senderChainKey":{"iteration":32,"seed":"eO5YzC8prL3E2/dGz0ukt+0hgPHOvKVU8bcTy/YTcNE="},"senderSigningKey":{"public":"BduS3p+CDZT+x+3uuMHfL7etzN/jLKwC9jDMVYa9OqEY"},"senderMessageKeys":[]},{"senderKeyId":1674341949,"senderChainKey":{"iteration":32,"seed":"eO5YzC8prL3E2/dGz0ukt+0hgPHOvKVU8bcTy/YTcNE="},"senderSigningKey":{"public":"BduS3p+CDZT+x+3uuMHfL7etzN/jLKwC9jDMVYa9OqEY"},"senderMessageKeys":[]},{"senderKeyId":1674341949,"senderChainKey":{"iteration":32,"seed":"eO5YzC8prL3E2/dGz0ukt+0hgPHOvKVU8bcTy/YTcNE="},"senderSigningKey":{"public":"BduS3p+CDZT+x+3uuMHfL7etzN/jLKwC9jDMVYa9OqEY"}}]