[{"senderKeyId":1186052206,"senderChainKey":{"iteration":1,"seed":"MDCg5OIikWTsz0vMogmD3GlbKCRc0ats+H51+QVsNio="},"senderSigningKey":{"public":"BbRr+9Lw7GPEWIEPJ0g62ppMfgVEJ+oQn0307giKQbtx"},"senderMessageKeys":[]},{"senderKeyId":1686185427,"senderChainKey":{"iteration":0,"seed":"xXwQmWodJiFaKbgXgCwzfzB5WZv6b7kuOeIGu7B8D1A="},"senderSigningKey":{"public":"BYfOL/QgEo8FR4wxAhd7JUyWyx3Qh/cZjXI/tsrtOjN9"},"senderMessageKeys":[]},{"senderKeyId":1686185427,"senderChainKey":{"iteration":0,"seed":"xXwQmWodJiFaKbgXgCwzfzB5WZv6b7kuOeIGu7B8D1A="},"senderSigningKey":{"public":"BYfOL/QgEo8FR4wxAhd7JUyWyx3Qh/cZjXI/tsrtOjN9"},"senderMessageKeys":[]},{"senderKeyId":1686185427,"senderChainKey":{"iteration":0,"seed":"xXwQmWodJiFaKbgXgCwzfzB5WZv6b7kuOeIGu7B8D1A="},"senderSigningKey":{"public":"BYfOL/QgEo8FR4wxAhd7JUyWyx3Qh/cZjXI/tsrtOjN9"}}]