[{"senderKeyId":1408852661,"senderChainKey":{"iteration":2,"seed":"ChsXUV3XtQ89Ce9Dz9tyLqTmXNGwUvZj016TnG19N9Q="},"senderSigningKey":{"public":"BdqyJQ18jd3k/Zd0Q5tQGLV5sIHwbhpAG4Vgc1fn6HMf"},"senderMessageKeys":[]},{"senderKeyId":1408852661,"senderChainKey":{"iteration":3,"seed":"4Jcu3R7DzDTqC/wt5mrxLd4WmddBSS7CNK2/R1eHGm8="},"senderSigningKey":{"public":"BdqyJQ18jd3k/Zd0Q5tQGLV5sIHwbhpAG4Vgc1fn6HMf"},"senderMessageKeys":[]},{"senderKeyId":101145964,"senderChainKey":{"iteration":0,"seed":"/4gT9otywDzNWN7ur33G2UNQsEmR6U+AsUNDERh70z4="},"senderSigningKey":{"public":"BbNrQXkYygQf83l57N840DeG4+5e0YsqFT2Mi4asCPNH"}}]