[{"senderKeyId":1640101540,"senderChainKey":{"iteration":1,"seed":"1kI8diKeeWM/WvvXt9SdIIzwRmzW5kQCLJP8wByp/Lk="},"senderSigningKey":{"public":"BcWhxmKpxGvVNis761bayNHKIbqvo6SB58ZYzI2vLeJb"},"senderMessageKeys":[]},{"senderKeyId":1640101540,"senderChainKey":{"iteration":2,"seed":"dTDuPfhpCPd/6OuQyMdzHWrRV1XunD4EH/1TbbOxKQA="},"senderSigningKey":{"public":"BcWhxmKpxGvVNis761bayNHKIbqvo6SB58ZYzI2vLeJb"},"senderMessageKeys":[]},{"senderKeyId":1640101540,"senderChainKey":{"iteration":5,"seed":"t7p7nZkTJkJ+LY7l4F3kxXf7xAs1syFZVM2TaoQ12kc="},"senderSigningKey":{"public":"BcWhxmKpxGvVNis761bayNHKIbqvo6SB58ZYzI2vLeJb"}}]