[{"senderKeyId":1864659375,"senderChainKey":{"iteration":98,"seed":"E976UVaJqZeg8kQ69ghHp09XH3rydIcq5/9+w9ulfQk="},"senderSigningKey":{"public":"BRnan/j0hPTrn+pBRGRb8m1vk9jyEcJT2s0liEPvsh59"},"senderMessageKeys":[]},{"senderKeyId":1864659375,"senderChainKey":{"iteration":105,"seed":"B2oc17zII+EYpUPta+Q1JrawDM/iI3o4iWeuElsvWPE="},"senderSigningKey":{"public":"BRnan/j0hPTrn+pBRGRb8m1vk9jyEcJT2s0liEPvsh59"},"senderMessageKeys":[]},{"senderKeyId":1864659375,"senderChainKey":{"iteration":105,"seed":"B2oc17zII+EYpUPta+Q1JrawDM/iI3o4iWeuElsvWPE="},"senderSigningKey":{"public":"BRnan/j0hPTrn+pBRGRb8m1vk9jyEcJT2s0liEPvsh59"},"senderMessageKeys":[]},{"senderKeyId":1864659375,"senderChainKey":{"iteration":105,"seed":"B2oc17zII+EYpUPta+Q1JrawDM/iI3o4iWeuElsvWPE="},"senderSigningKey":{"public":"BRnan/j0hPTrn+pBRGRb8m1vk9jyEcJT2s0liEPvsh59"}}]