[{"senderKeyId":884783463,"senderChainKey":{"iteration":16,"seed":"7p4BLywoREF+Uw9sJ1n+qR97da7P6IAI/g05jrx+mLY="},"senderSigningKey":{"public":"BcTBzdZc4q/20STTDyHNsTO0SQ9JyzL4iIjA9tcLzc5R"},"senderMessageKeys":[{},{},{},{},{},{},{},{}]},{"senderKeyId":884783463,"senderChainKey":{"iteration":6,"seed":"S9jsgxKL/eRJpvBN/+kVbM5SubqmCnqB0FsVKTG+BSY="},"senderSigningKey":{"public":"BcTBzdZc4q/20STTDyHNsTO0SQ9JyzL4iIjA9tcLzc5R"},"senderMessageKeys":[]},{"senderKeyId":884783463,"senderChainKey":{"iteration":8,"seed":"p2TSkDJrGWX+574NtYrL/2iTJeBZ3OXk5MNB0d2L2xo="},"senderSigningKey":{"public":"BcTBzdZc4q/20STTDyHNsTO0SQ9JyzL4iIjA9tcLzc5R"},"senderMessageKeys":[]},{"senderKeyId":884783463,"senderChainKey":{"iteration":9,"seed":"i+Yo61p1TmAp5TwCWkUSFOwFEPpXm5r2OnZqcCcyRwE="},"senderSigningKey":{"public":"BcTBzdZc4q/20STTDyHNsTO0SQ9JyzL4iIjA9tcLzc5R"}}]