[{"senderKeyId":8376113,"senderChainKey":{"iteration":2,"seed":"GnE3ppUMoalduIAq/S6JzzaIqc7kavMNtYKQiHX8DPc="},"senderSigningKey":{"public":"Bd9i/kysbJEdbAd36eGwwXOoHMeJzNTs1AOJIKu05LgR"},"senderMessageKeys":[]},{"senderKeyId":317240136,"senderChainKey":{"iteration":1,"seed":"o8lfZEjsJnJ9toBisIsjYpskvj1+8jrd45HYEQ5M/go="},"senderSigningKey":{"public":"BQ/NJ+Jvk05/XDils2o7nPqFtgo9oQeEx8OqIpiI/V5T"},"senderMessageKeys":[]},{"senderKeyId":317240136,"senderChainKey":{"iteration":1,"seed":"o8lfZEjsJnJ9toBisIsjYpskvj1+8jrd45HYEQ5M/go="},"senderSigningKey":{"public":"BQ/NJ+Jvk05/XDils2o7nPqFtgo9oQeEx8OqIpiI/V5T"},"senderMessageKeys":[]},{"senderKeyId":317240136,"senderChainKey":{"iteration":1,"seed":"o8lfZEjsJnJ9toBisIsjYpskvj1+8jrd45HYEQ5M/go="},"senderSigningKey":{"public":"BQ/NJ+Jvk05/XDils2o7nPqFtgo9oQeEx8OqIpiI/V5T"},"senderMessageKeys":[]},{"senderKeyId":317240136,"senderChainKey":{"iteration":1,"seed":"o8lfZEjsJnJ9toBisIsjYpskvj1+8jrd45HYEQ5M/go="},"senderSigningKey":{"public":"BQ/NJ+Jvk05/XDils2o7nPqFtgo9oQeEx8OqIpiI/V5T"},"senderMessageKeys":[]},{"senderKeyId":317240136,"senderChainKey":{"iteration":1,"seed":"o8lfZEjsJnJ9toBisIsjYpskvj1+8jrd45HYEQ5M/go="},"senderSigningKey":{"public":"BQ/NJ+Jvk05/XDils2o7nPqFtgo9oQeEx8OqIpiI/V5T"},"senderMessageKeys":[]},{"senderKeyId":317240136,"senderChainKey":{"iteration":1,"seed":"o8lfZEjsJnJ9toBisIsjYpskvj1+8jrd45HYEQ5M/go="},"senderSigningKey":{"public":"BQ/NJ+Jvk05/XDils2o7nPqFtgo9oQeEx8OqIpiI/V5T"}}]