[{"senderKeyId":868777949,"senderChainKey":{"iteration":1,"seed":"dVGcBUgD/FyrLvfVeV/gYTUbQLKwJrUbbtSnwAkJzXY="},"senderSigningKey":{"public":"BUpfDGPaNo3vK26dWmy2zfEzOsfEkprEY1yrY3yWwut9"},"senderMessageKeys":[]},{"senderKeyId":868777949,"senderChainKey":{"iteration":1,"seed":"dVGcBUgD/FyrLvfVeV/gYTUbQLKwJrUbbtSnwAkJzXY="},"senderSigningKey":{"public":"BUpfDGPaNo3vK26dWmy2zfEzOsfEkprEY1yrY3yWwut9"},"senderMessageKeys":[]},{"senderKeyId":868777949,"senderChainKey":{"iteration":1,"seed":"dVGcBUgD/FyrLvfVeV/gYTUbQLKwJrUbbtSnwAkJzXY="},"senderSigningKey":{"public":"BUpfDGPaNo3vK26dWmy2zfEzOsfEkprEY1yrY3yWwut9"},"senderMessageKeys":[]},{"senderKeyId":868777949,"senderChainKey":{"iteration":1,"seed":"dVGcBUgD/FyrLvfVeV/gYTUbQLKwJrUbbtSnwAkJzXY="},"senderSigningKey":{"public":"BUpfDGPaNo3vK26dWmy2zfEzOsfEkprEY1yrY3yWwut9"},"senderMessageKeys":[]},{"senderKeyId":868777949,"senderChainKey":{"iteration":1,"seed":"dVGcBUgD/FyrLvfVeV/gYTUbQLKwJrUbbtSnwAkJzXY="},"senderSigningKey":{"public":"BUpfDGPaNo3vK26dWmy2zfEzOsfEkprEY1yrY3yWwut9"},"senderMessageKeys":[]},{"senderKeyId":868777949,"senderChainKey":{"iteration":1,"seed":"dVGcBUgD/FyrLvfVeV/gYTUbQLKwJrUbbtSnwAkJzXY="},"senderSigningKey":{"public":"BUpfDGPaNo3vK26dWmy2zfEzOsfEkprEY1yrY3yWwut9"},"senderMessageKeys":[]},{"senderKeyId":868777949,"senderChainKey":{"iteration":1,"seed":"dVGcBUgD/FyrLvfVeV/gYTUbQLKwJrUbbtSnwAkJzXY="},"senderSigningKey":{"public":"BUpfDGPaNo3vK26dWmy2zfEzOsfEkprEY1yrY3yWwut9"},"senderMessageKeys":[]},{"senderKeyId":868777949,"senderChainKey":{"iteration":1,"seed":"dVGcBUgD/FyrLvfVeV/gYTUbQLKwJrUbbtSnwAkJzXY="},"senderSigningKey":{"public":"BUpfDGPaNo3vK26dWmy2zfEzOsfEkprEY1yrY3yWwut9"},"senderMessageKeys":[]},{"senderKeyId":868777949,"senderChainKey":{"iteration":1,"seed":"dVGcBUgD/FyrLvfVeV/gYTUbQLKwJrUbbtSnwAkJzXY="},"senderSigningKey":{"public":"BUpfDGPaNo3vK26dWmy2zfEzOsfEkprEY1yrY3yWwut9"}}]