[{"senderKeyId":1326645046,"senderChainKey":{"iteration":1,"seed":"tnFWlcTCMhN/eov6gjmip6pr4Uy49d/GRBEjo9FocM0="},"senderSigningKey":{"public":"Bf/4xa06dMbqlWBfSTPXp0JyFrqMlG5ZQKiSXwuIFQ0K"},"senderMessageKeys":[]},{"senderKeyId":1326645046,"senderChainKey":{"iteration":4,"seed":"S2a0EFFOzIColY5RiicjnflsQ18RiOhB6e7ulNJvdEA="},"senderSigningKey":{"public":"Bf/4xa06dMbqlWBfSTPXp0JyFrqMlG5ZQKiSXwuIFQ0K"},"senderMessageKeys":[]},{"senderKeyId":1326645046,"senderChainKey":{"iteration":4,"seed":"S2a0EFFOzIColY5RiicjnflsQ18RiOhB6e7ulNJvdEA="},"senderSigningKey":{"public":"Bf/4xa06dMbqlWBfSTPXp0JyFrqMlG5ZQKiSXwuIFQ0K"}}]