[{"senderKeyId":1461776220,"senderChainKey":{"iteration":1,"seed":"+jxw1UBrTSB/kmpI9u1L5lfGLSX2E6K5KtHCl9mFgow="},"senderSigningKey":{"public":"Bepp2UV1PnWlEH1UOWvOm0+6+jxjNKNUPmGUr8cJT/JN"},"senderMessageKeys":[]},{"senderKeyId":1461776220,"senderChainKey":{"iteration":11,"seed":"nM53Wa+onkMwgFBp1mHEehi/BybExSMm6lrz6Vh8nWI="},"senderSigningKey":{"public":"Bepp2UV1PnWlEH1UOWvOm0+6+jxjNKNUPmGUr8cJT/JN"},"senderMessageKeys":[]},{"senderKeyId":1461776220,"senderChainKey":{"iteration":11,"seed":"nM53Wa+onkMwgFBp1mHEehi/BybExSMm6lrz6Vh8nWI="},"senderSigningKey":{"public":"Bepp2UV1PnWlEH1UOWvOm0+6+jxjNKNUPmGUr8cJT/JN"},"senderMessageKeys":[]},{"senderKeyId":1461776220,"senderChainKey":{"iteration":11,"seed":"nM53Wa+onkMwgFBp1mHEehi/BybExSMm6lrz6Vh8nWI="},"senderSigningKey":{"public":"Bepp2UV1PnWlEH1UOWvOm0+6+jxjNKNUPmGUr8cJT/JN"},"senderMessageKeys":[]},{"senderKeyId":1461776220,"senderChainKey":{"iteration":11,"seed":"nM53Wa+onkMwgFBp1mHEehi/BybExSMm6lrz6Vh8nWI="},"senderSigningKey":{"public":"Bepp2UV1PnWlEH1UOWvOm0+6+jxjNKNUPmGUr8cJT/JN"},"senderMessageKeys":[]},{"senderKeyId":1461776220,"senderChainKey":{"iteration":11,"seed":"nM53Wa+onkMwgFBp1mHEehi/BybExSMm6lrz6Vh8nWI="},"senderSigningKey":{"public":"Bepp2UV1PnWlEH1UOWvOm0+6+jxjNKNUPmGUr8cJT/JN"},"senderMessageKeys":[]},{"senderKeyId":1461776220,"senderChainKey":{"iteration":11,"seed":"nM53Wa+onkMwgFBp1mHEehi/BybExSMm6lrz6Vh8nWI="},"senderSigningKey":{"public":"Bepp2UV1PnWlEH1UOWvOm0+6+jxjNKNUPmGUr8cJT/JN"},"senderMessageKeys":[]},{"senderKeyId":1461776220,"senderChainKey":{"iteration":11,"seed":"nM53Wa+onkMwgFBp1mHEehi/BybExSMm6lrz6Vh8nWI="},"senderSigningKey":{"public":"Bepp2UV1PnWlEH1UOWvOm0+6+jxjNKNUPmGUr8cJT/JN"},"senderMessageKeys":[]},{"senderKeyId":1461776220,"senderChainKey":{"iteration":11,"seed":"nM53Wa+onkMwgFBp1mHEehi/BybExSMm6lrz6Vh8nWI="},"senderSigningKey":{"public":"Bepp2UV1PnWlEH1UOWvOm0+6+jxjNKNUPmGUr8cJT/JN"},"senderMessageKeys":[]},{"senderKeyId":1461776220,"senderChainKey":{"iteration":11,"seed":"nM53Wa+onkMwgFBp1mHEehi/BybExSMm6lrz6Vh8nWI="},"senderSigningKey":{"public":"Bepp2UV1PnWlEH1UOWvOm0+6+jxjNKNUPmGUr8cJT/JN"},"senderMessageKeys":[]},{"senderKeyId":1461776220,"senderChainKey":{"iteration":11,"seed":"nM53Wa+onkMwgFBp1mHEehi/BybExSMm6lrz6Vh8nWI="},"senderSigningKey":{"public":"Bepp2UV1PnWlEH1UOWvOm0+6+jxjNKNUPmGUr8cJT/JN"},"senderMessageKeys":[]},{"senderKeyId":1461776220,"senderChainKey":{"iteration":11,"seed":"nM53Wa+onkMwgFBp1mHEehi/BybExSMm6lrz6Vh8nWI="},"senderSigningKey":{"public":"Bepp2UV1PnWlEH1UOWvOm0+6+jxjNKNUPmGUr8cJT/JN"},"senderMessageKeys":[]},{"senderKeyId":1461776220,"senderChainKey":{"iteration":11,"seed":"nM53Wa+onkMwgFBp1mHEehi/BybExSMm6lrz6Vh8nWI="},"senderSigningKey":{"public":"Bepp2UV1PnWlEH1UOWvOm0+6+jxjNKNUPmGUr8cJT/JN"},"senderMessageKeys":[]},{"senderKeyId":1461776220,"senderChainKey":{"iteration":11,"seed":"nM53Wa+onkMwgFBp1mHEehi/BybExSMm6lrz6Vh8nWI="},"senderSigningKey":{"public":"Bepp2UV1PnWlEH1UOWvOm0+6+jxjNKNUPmGUr8cJT/JN"},"senderMessageKeys":[]},{"senderKeyId":1461776220,"senderChainKey":{"iteration":11,"seed":"nM53Wa+onkMwgFBp1mHEehi/BybExSMm6lrz6Vh8nWI="},"senderSigningKey":{"public":"Bepp2UV1PnWlEH1UOWvOm0+6+jxjNKNUPmGUr8cJT/JN"}}]