[{"senderKeyId":214219644,"senderChainKey":{"iteration":5,"seed":"OhqzDZVkOdp7ObCrhh3QEWusrdAUIz0hn4GpWPvotZE="},"senderSigningKey":{"public":"BeJzgfXIo9pFZZAdCTcqY5QrZDHPkY47OG4ZHbz7jaNP"},"senderMessageKeys":[]},{"senderKeyId":524673982,"senderChainKey":{"iteration":1,"seed":"4zhuj1BrKTsv/s2w8yGmFkRvIy6KCr3j0EfLMOLEbNA="},"senderSigningKey":{"public":"BWjLs02CtUj4HvSKt1YXCvlaI7Rm1uTJgyeS0fZPZwQ7"},"senderMessageKeys":[]},{"senderKeyId":966939394,"senderChainKey":{"iteration":0,"seed":"26ED8w6JFNit0PJao9iKdmJncs0rTBYyeooJ8v/JhIM="},"senderSigningKey":{"public":"BSfNGmyIybs0qihPMXfD9F5Rt1wcoqc9aMVB4/PC/x9t"},"senderMessageKeys":[]},{"senderKeyId":966939394,"senderChainKey":{"iteration":0,"seed":"26ED8w6JFNit0PJao9iKdmJncs0rTBYyeooJ8v/JhIM="},"senderSigningKey":{"public":"BSfNGmyIybs0qihPMXfD9F5Rt1wcoqc9aMVB4/PC/x9t"},"senderMessageKeys":[]},{"senderKeyId":966939394,"senderChainKey":{"iteration":0,"seed":"26ED8w6JFNit0PJao9iKdmJncs0rTBYyeooJ8v/JhIM="},"senderSigningKey":{"public":"BSfNGmyIybs0qihPMXfD9F5Rt1wcoqc9aMVB4/PC/x9t"},"senderMessageKeys":[]},{"senderKeyId":966939394,"senderChainKey":{"iteration":0,"seed":"26ED8w6JFNit0PJao9iKdmJncs0rTBYyeooJ8v/JhIM="},"senderSigningKey":{"public":"BSfNGmyIybs0qihPMXfD9F5Rt1wcoqc9aMVB4/PC/x9t"},"senderMessageKeys":[]},{"senderKeyId":966939394,"senderChainKey":{"iteration":0,"seed":"26ED8w6JFNit0PJao9iKdmJncs0rTBYyeooJ8v/JhIM="},"senderSigningKey":{"public":"BSfNGmyIybs0qihPMXfD9F5Rt1wcoqc9aMVB4/PC/x9t"}}]