[{"senderKeyId":783033163,"senderChainKey":{"iteration":1,"seed":"w6xuyA1AnA/4yvOnWdfzqS4HKBO+3aDlcBFnu03yTTg="},"senderSigningKey":{"public":"BZ+vXoYElwkSpBDwMlFf5SfKBMFwVSO1xLG7F1gUA0w8"},"senderMessageKeys":[]},{"senderKeyId":783033163,"senderChainKey":{"iteration":8,"seed":"V7z0x3BQC30Ql3NrJUxt8MF5GdwO/oxU4DtiI5rauGc="},"senderSigningKey":{"public":"BZ+vXoYElwkSpBDwMlFf5SfKBMFwVSO1xLG7F1gUA0w8"},"senderMessageKeys":[]},{"senderKeyId":783033163,"senderChainKey":{"iteration":8,"seed":"V7z0x3BQC30Ql3NrJUxt8MF5GdwO/oxU4DtiI5rauGc="},"senderSigningKey":{"public":"BZ+vXoYElwkSpBDwMlFf5SfKBMFwVSO1xLG7F1gUA0w8"},"senderMessageKeys":[]},{"senderKeyId":783033163,"senderChainKey":{"iteration":8,"seed":"V7z0x3BQC30Ql3NrJUxt8MF5GdwO/oxU4DtiI5rauGc="},"senderSigningKey":{"public":"BZ+vXoYElwkSpBDwMlFf5SfKBMFwVSO1xLG7F1gUA0w8"},"senderMessageKeys":[]},{"senderKeyId":783033163,"senderChainKey":{"iteration":8,"seed":"V7z0x3BQC30Ql3NrJUxt8MF5GdwO/oxU4DtiI5rauGc="},"senderSigningKey":{"public":"BZ+vXoYElwkSpBDwMlFf5SfKBMFwVSO1xLG7F1gUA0w8"}}]