[{"senderKeyId":959977791,"senderChainKey":{"iteration":9,"seed":"k/ms9KjcGIgPk8hnltaYA1xJYSRkmDHTTAj1UKuDLrM="},"senderSigningKey":{"public":"BSOLsojVplbxwUz+J8IumV8XczodhC1dktWl4apwtoYL"},"senderMessageKeys":[]},{"senderKeyId":959977791,"senderChainKey":{"iteration":9,"seed":"k/ms9KjcGIgPk8hnltaYA1xJYSRkmDHTTAj1UKuDLrM="},"senderSigningKey":{"public":"BSOLsojVplbxwUz+J8IumV8XczodhC1dktWl4apwtoYL"},"senderMessageKeys":[]},{"senderKeyId":959977791,"senderChainKey":{"iteration":9,"seed":"k/ms9KjcGIgPk8hnltaYA1xJYSRkmDHTTAj1UKuDLrM="},"senderSigningKey":{"public":"BSOLsojVplbxwUz+J8IumV8XczodhC1dktWl4apwtoYL"},"senderMessageKeys":[]},{"senderKeyId":959977791,"senderChainKey":{"iteration":9,"seed":"k/ms9KjcGIgPk8hnltaYA1xJYSRkmDHTTAj1UKuDLrM="},"senderSigningKey":{"public":"BSOLsojVplbxwUz+J8IumV8XczodhC1dktWl4apwtoYL"},"senderMessageKeys":[]},{"senderKeyId":959977791,"senderChainKey":{"iteration":9,"seed":"k/ms9KjcGIgPk8hnltaYA1xJYSRkmDHTTAj1UKuDLrM="},"senderSigningKey":{"public":"BSOLsojVplbxwUz+J8IumV8XczodhC1dktWl4apwtoYL"},"senderMessageKeys":[]},{"senderKeyId":959977791,"senderChainKey":{"iteration":9,"seed":"k/ms9KjcGIgPk8hnltaYA1xJYSRkmDHTTAj1UKuDLrM="},"senderSigningKey":{"public":"BSOLsojVplbxwUz+J8IumV8XczodhC1dktWl4apwtoYL"}}]