[{"senderKeyId":1543253205,"senderChainKey":{"iteration":8,"seed":"5joI6oiCXI0tvhdjF10FC6pTPxbe2aJlxW/VBQNYdKg="},"senderSigningKey":{"public":"BQpRYf/VqzZgMeD47krEzXzrkdGNa1FAiqblEkLstptQ"},"senderMessageKeys":[]},{"senderKeyId":1091256404,"senderChainKey":{"iteration":1,"seed":"+v1e8wppPenUtmbECT60wMzaxUNjxHiXgQ4eVCY4kIY="},"senderSigningKey":{"public":"BaXj2XXjDaY0huaesLVQ8jm3F0pwqtd9ySdnKw63Igtn"},"senderMessageKeys":[]},{"senderKeyId":1091256404,"senderChainKey":{"iteration":1,"seed":"+v1e8wppPenUtmbECT60wMzaxUNjxHiXgQ4eVCY4kIY="},"senderSigningKey":{"public":"BaXj2XXjDaY0huaesLVQ8jm3F0pwqtd9ySdnKw63Igtn"},"senderMessageKeys":[]},{"senderKeyId":1091256404,"senderChainKey":{"iteration":1,"seed":"+v1e8wppPenUtmbECT60wMzaxUNjxHiXgQ4eVCY4kIY="},"senderSigningKey":{"public":"BaXj2XXjDaY0huaesLVQ8jm3F0pwqtd9ySdnKw63Igtn"},"senderMessageKeys":[]},{"senderKeyId":1091256404,"senderChainKey":{"iteration":1,"seed":"+v1e8wppPenUtmbECT60wMzaxUNjxHiXgQ4eVCY4kIY="},"senderSigningKey":{"public":"BaXj2XXjDaY0huaesLVQ8jm3F0pwqtd9ySdnKw63Igtn"},"senderMessageKeys":[]},{"senderKeyId":1091256404,"senderChainKey":{"iteration":1,"seed":"+v1e8wppPenUtmbECT60wMzaxUNjxHiXgQ4eVCY4kIY="},"senderSigningKey":{"public":"BaXj2XXjDaY0huaesLVQ8jm3F0pwqtd9ySdnKw63Igtn"},"senderMessageKeys":[]},{"senderKeyId":1091256404,"senderChainKey":{"iteration":1,"seed":"+v1e8wppPenUtmbECT60wMzaxUNjxHiXgQ4eVCY4kIY="},"senderSigningKey":{"public":"BaXj2XXjDaY0huaesLVQ8jm3F0pwqtd9ySdnKw63Igtn"},"senderMessageKeys":[]},{"senderKeyId":1091256404,"senderChainKey":{"iteration":1,"seed":"+v1e8wppPenUtmbECT60wMzaxUNjxHiXgQ4eVCY4kIY="},"senderSigningKey":{"public":"BaXj2XXjDaY0huaesLVQ8jm3F0pwqtd9ySdnKw63Igtn"},"senderMessageKeys":[]},{"senderKeyId":1091256404,"senderChainKey":{"iteration":1,"seed":"+v1e8wppPenUtmbECT60wMzaxUNjxHiXgQ4eVCY4kIY="},"senderSigningKey":{"public":"BaXj2XXjDaY0huaesLVQ8jm3F0pwqtd9ySdnKw63Igtn"}}]