[{"senderKeyId":1938884952,"senderChainKey":{"iteration":2,"seed":"sbLuCTf9+IDrTExBhDuDiXdv0ysqQRKybsm35ZZLwXo="},"senderSigningKey":{"public":"BUMuy6iRIyut/IVTTKtQNjixZs0rIJ6Tjr2L1sHITDQ6"},"senderMessageKeys":[]},{"senderKeyId":1938884952,"senderChainKey":{"iteration":2,"seed":"sbLuCTf9+IDrTExBhDuDiXdv0ysqQRKybsm35ZZLwXo="},"senderSigningKey":{"public":"BUMuy6iRIyut/IVTTKtQNjixZs0rIJ6Tjr2L1sHITDQ6"},"senderMessageKeys":[]},{"senderKeyId":1938884952,"senderChainKey":{"iteration":2,"seed":"sbLuCTf9+IDrTExBhDuDiXdv0ysqQRKybsm35ZZLwXo="},"senderSigningKey":{"public":"BUMuy6iRIyut/IVTTKtQNjixZs0rIJ6Tjr2L1sHITDQ6"},"senderMessageKeys":[]},{"senderKeyId":1938884952,"senderChainKey":{"iteration":2,"seed":"sbLuCTf9+IDrTExBhDuDiXdv0ysqQRKybsm35ZZLwXo="},"senderSigningKey":{"public":"BUMuy6iRIyut/IVTTKtQNjixZs0rIJ6Tjr2L1sHITDQ6"},"senderMessageKeys":[]},{"senderKeyId":1938884952,"senderChainKey":{"iteration":2,"seed":"sbLuCTf9+IDrTExBhDuDiXdv0ysqQRKybsm35ZZLwXo="},"senderSigningKey":{"public":"BUMuy6iRIyut/IVTTKtQNjixZs0rIJ6Tjr2L1sHITDQ6"},"senderMessageKeys":[]},{"senderKeyId":1938884952,"senderChainKey":{"iteration":2,"seed":"sbLuCTf9+IDrTExBhDuDiXdv0ysqQRKybsm35ZZLwXo="},"senderSigningKey":{"public":"BUMuy6iRIyut/IVTTKtQNjixZs0rIJ6Tjr2L1sHITDQ6"},"senderMessageKeys":[]},{"senderKeyId":1938884952,"senderChainKey":{"iteration":2,"seed":"sbLuCTf9+IDrTExBhDuDiXdv0ysqQRKybsm35ZZLwXo="},"senderSigningKey":{"public":"BUMuy6iRIyut/IVTTKtQNjixZs0rIJ6Tjr2L1sHITDQ6"},"senderMessageKeys":[]},{"senderKeyId":1938884952,"senderChainKey":{"iteration":2,"seed":"sbLuCTf9+IDrTExBhDuDiXdv0ysqQRKybsm35ZZLwXo="},"senderSigningKey":{"public":"BUMuy6iRIyut/IVTTKtQNjixZs0rIJ6Tjr2L1sHITDQ6"},"senderMessageKeys":[]},{"senderKeyId":1938884952,"senderChainKey":{"iteration":2,"seed":"sbLuCTf9+IDrTExBhDuDiXdv0ysqQRKybsm35ZZLwXo="},"senderSigningKey":{"public":"BUMuy6iRIyut/IVTTKtQNjixZs0rIJ6Tjr2L1sHITDQ6"},"senderMessageKeys":[]},{"senderKeyId":1938884952,"senderChainKey":{"iteration":2,"seed":"sbLuCTf9+IDrTExBhDuDiXdv0ysqQRKybsm35ZZLwXo="},"senderSigningKey":{"public":"BUMuy6iRIyut/IVTTKtQNjixZs0rIJ6Tjr2L1sHITDQ6"},"senderMessageKeys":[]},{"senderKeyId":1938884952,"senderChainKey":{"iteration":2,"seed":"sbLuCTf9+IDrTExBhDuDiXdv0ysqQRKybsm35ZZLwXo="},"senderSigningKey":{"public":"BUMuy6iRIyut/IVTTKtQNjixZs0rIJ6Tjr2L1sHITDQ6"},"senderMessageKeys":[]},{"senderKeyId":1938884952,"senderChainKey":{"iteration":2,"seed":"sbLuCTf9+IDrTExBhDuDiXdv0ysqQRKybsm35ZZLwXo="},"senderSigningKey":{"public":"BUMuy6iRIyut/IVTTKtQNjixZs0rIJ6Tjr2L1sHITDQ6"},"senderMessageKeys":[]},{"senderKeyId":1938884952,"senderChainKey":{"iteration":2,"seed":"sbLuCTf9+IDrTExBhDuDiXdv0ysqQRKybsm35ZZLwXo="},"senderSigningKey":{"public":"BUMuy6iRIyut/IVTTKtQNjixZs0rIJ6Tjr2L1sHITDQ6"},"senderMessageKeys":[]},{"senderKeyId":1938884952,"senderChainKey":{"iteration":2,"seed":"sbLuCTf9+IDrTExBhDuDiXdv0ysqQRKybsm35ZZLwXo="},"senderSigningKey":{"public":"BUMuy6iRIyut/IVTTKtQNjixZs0rIJ6Tjr2L1sHITDQ6"},"senderMessageKeys":[]},{"senderKeyId":1938884952,"senderChainKey":{"iteration":2,"seed":"sbLuCTf9+IDrTExBhDuDiXdv0ysqQRKybsm35ZZLwXo="},"senderSigningKey":{"public":"BUMuy6iRIyut/IVTTKtQNjixZs0rIJ6Tjr2L1sHITDQ6"},"senderMessageKeys":[]},{"senderKeyId":1938884952,"senderChainKey":{"iteration":2,"seed":"sbLuCTf9+IDrTExBhDuDiXdv0ysqQRKybsm35ZZLwXo="},"senderSigningKey":{"public":"BUMuy6iRIyut/IVTTKtQNjixZs0rIJ6Tjr2L1sHITDQ6"},"senderMessageKeys":[]},{"senderKeyId":1938884952,"senderChainKey":{"iteration":2,"seed":"sbLuCTf9+IDrTExBhDuDiXdv0ysqQRKybsm35ZZLwXo="},"senderSigningKey":{"public":"BUMuy6iRIyut/IVTTKtQNjixZs0rIJ6Tjr2L1sHITDQ6"},"senderMessageKeys":[]},{"senderKeyId":1938884952,"senderChainKey":{"iteration":2,"seed":"sbLuCTf9+IDrTExBhDuDiXdv0ysqQRKybsm35ZZLwXo="},"senderSigningKey":{"public":"BUMuy6iRIyut/IVTTKtQNjixZs0rIJ6Tjr2L1sHITDQ6"},"senderMessageKeys":[]},{"senderKeyId":1938884952,"senderChainKey":{"iteration":2,"seed":"sbLuCTf9+IDrTExBhDuDiXdv0ysqQRKybsm35ZZLwXo="},"senderSigningKey":{"public":"BUMuy6iRIyut/IVTTKtQNjixZs0rIJ6Tjr2L1sHITDQ6"},"senderMessageKeys":[]},{"senderKeyId":1938884952,"senderChainKey":{"iteration":2,"seed":"sbLuCTf9+IDrTExBhDuDiXdv0ysqQRKybsm35ZZLwXo="},"senderSigningKey":{"public":"BUMuy6iRIyut/IVTTKtQNjixZs0rIJ6Tjr2L1sHITDQ6"},"senderMessageKeys":[]},{"senderKeyId":1938884952,"senderChainKey":{"iteration":2,"seed":"sbLuCTf9+IDrTExBhDuDiXdv0ysqQRKybsm35ZZLwXo="},"senderSigningKey":{"public":"BUMuy6iRIyut/IVTTKtQNjixZs0rIJ6Tjr2L1sHITDQ6"},"senderMessageKeys":[]},{"senderKeyId":1938884952,"senderChainKey":{"iteration":2,"seed":"sbLuCTf9+IDrTExBhDuDiXdv0ysqQRKybsm35ZZLwXo="},"senderSigningKey":{"public":"BUMuy6iRIyut/IVTTKtQNjixZs0rIJ6Tjr2L1sHITDQ6"},"senderMessageKeys":[]},{"senderKeyId":1938884952,"senderChainKey":{"iteration":2,"seed":"sbLuCTf9+IDrTExBhDuDiXdv0ysqQRKybsm35ZZLwXo="},"senderSigningKey":{"public":"BUMuy6iRIyut/IVTTKtQNjixZs0rIJ6Tjr2L1sHITDQ6"},"senderMessageKeys":[]},{"senderKeyId":1938884952,"senderChainKey":{"iteration":2,"seed":"sbLuCTf9+IDrTExBhDuDiXdv0ysqQRKybsm35ZZLwXo="},"senderSigningKey":{"public":"BUMuy6iRIyut/IVTTKtQNjixZs0rIJ6Tjr2L1sHITDQ6"},"senderMessageKeys":[]},{"senderKeyId":1938884952,"senderChainKey":{"iteration":2,"seed":"sbLuCTf9+IDrTExBhDuDiXdv0ysqQRKybsm35ZZLwXo="},"senderSigningKey":{"public":"BUMuy6iRIyut/IVTTKtQNjixZs0rIJ6Tjr2L1sHITDQ6"},"senderMessageKeys":[]},{"senderKeyId":1938884952,"senderChainKey":{"iteration":2,"seed":"sbLuCTf9+IDrTExBhDuDiXdv0ysqQRKybsm35ZZLwXo="},"senderSigningKey":{"public":"BUMuy6iRIyut/IVTTKtQNjixZs0rIJ6Tjr2L1sHITDQ6"},"senderMessageKeys":[]},{"senderKeyId":1938884952,"senderChainKey":{"iteration":2,"seed":"sbLuCTf9+IDrTExBhDuDiXdv0ysqQRKybsm35ZZLwXo="},"senderSigningKey":{"public":"BUMuy6iRIyut/IVTTKtQNjixZs0rIJ6Tjr2L1sHITDQ6"},"senderMessageKeys":[]},{"senderKeyId":1938884952,"senderChainKey":{"iteration":2,"seed":"sbLuCTf9+IDrTExBhDuDiXdv0ysqQRKybsm35ZZLwXo="},"senderSigningKey":{"public":"BUMuy6iRIyut/IVTTKtQNjixZs0rIJ6Tjr2L1sHITDQ6"},"senderMessageKeys":[]},{"senderKeyId":1938884952,"senderChainKey":{"iteration":2,"seed":"sbLuCTf9+IDrTExBhDuDiXdv0ysqQRKybsm35ZZLwXo="},"senderSigningKey":{"public":"BUMuy6iRIyut/IVTTKtQNjixZs0rIJ6Tjr2L1sHITDQ6"},"senderMessageKeys":[]},{"senderKeyId":1938884952,"senderChainKey":{"iteration":2,"seed":"sbLuCTf9+IDrTExBhDuDiXdv0ysqQRKybsm35ZZLwXo="},"senderSigningKey":{"public":"BUMuy6iRIyut/IVTTKtQNjixZs0rIJ6Tjr2L1sHITDQ6"},"senderMessageKeys":[]},{"senderKeyId":1938884952,"senderChainKey":{"iteration":2,"seed":"sbLuCTf9+IDrTExBhDuDiXdv0ysqQRKybsm35ZZLwXo="},"senderSigningKey":{"public":"BUMuy6iRIyut/IVTTKtQNjixZs0rIJ6Tjr2L1sHITDQ6"},"senderMessageKeys":[]},{"senderKeyId":1938884952,"senderChainKey":{"iteration":2,"seed":"sbLuCTf9+IDrTExBhDuDiXdv0ysqQRKybsm35ZZLwXo="},"senderSigningKey":{"public":"BUMuy6iRIyut/IVTTKtQNjixZs0rIJ6Tjr2L1sHITDQ6"}}]