[{"senderKeyId":1682478807,"senderChainKey":{"iteration":5,"seed":"M8GQ05doOoKDFEjD/N3A0uMcfe8kV6lNYRCzHxOf9dI="},"senderSigningKey":{"public":"BSe1Bs9x7WaEKJ3PVMQZ5ldmWLqOd/WVMm4RvbonEz5n"},"senderMessageKeys":[]},{"senderKeyId":1682478807,"senderChainKey":{"iteration":5,"seed":"M8GQ05doOoKDFEjD/N3A0uMcfe8kV6lNYRCzHxOf9dI="},"senderSigningKey":{"public":"BSe1Bs9x7WaEKJ3PVMQZ5ldmWLqOd/WVMm4RvbonEz5n"},"senderMessageKeys":[]},{"senderKeyId":1682478807,"senderChainKey":{"iteration":5,"seed":"M8GQ05doOoKDFEjD/N3A0uMcfe8kV6lNYRCzHxOf9dI="},"senderSigningKey":{"public":"BSe1Bs9x7WaEKJ3PVMQZ5ldmWLqOd/WVMm4RvbonEz5n"},"senderMessageKeys":[]},{"senderKeyId":1682478807,"senderChainKey":{"iteration":5,"seed":"M8GQ05doOoKDFEjD/N3A0uMcfe8kV6lNYRCzHxOf9dI="},"senderSigningKey":{"public":"BSe1Bs9x7WaEKJ3PVMQZ5ldmWLqOd/WVMm4RvbonEz5n"}}]