[{"senderKeyId":855562151,"senderChainKey":{"iteration":1,"seed":"lnEQbT9NRIJ8YH6GkakdyGZyVvAqrbK9JDa7orcE4qo="},"senderSigningKey":{"public":"BYLye3ubv0nrTDFZi2Nbje0GOvtsn7w60VpEvu9yZLEt"},"senderMessageKeys":[]},{"senderKeyId":1989165302,"senderChainKey":{"iteration":1,"seed":"vIh9USb5VMRVnDFEeFVv4Qi7hpf6psL2+AfWvs9rcjw="},"senderSigningKey":{"public":"BT+PegmlhGrPGwq4lTxFiOAI7iBm03YlGI1KKFNFkxN2"},"senderMessageKeys":[]},{"senderKeyId":496178475,"senderChainKey":{"iteration":1,"seed":"rcZj3D12grKfYBxyM6GiQqLFKW1lBa60bzPyeS3mflU="},"senderSigningKey":{"public":"BUzv2xqoZkmWAZZ6oAyVCfl9qBfFansnVDjti20/ckkk"},"senderMessageKeys":[]}]