[{"senderKeyId":819720917,"senderChainKey":{"iteration":13,"seed":"9YG38MoPP9MljiqpqYTSvpiM7CwUm5G/+PTd5dyHrNU="},"senderSigningKey":{"public":"BZW08FZ5Z1rqfF3Ib+3czpJJPROPGvVDNosQGgmXvPpX"},"senderMessageKeys":[{},{},{},{},{}]},{"senderKeyId":819720917,"senderChainKey":{"iteration":12,"seed":"MJcwt2Reonl/jTB1Tc4NcmqukQULOBvzSYBUJxoSwKM="},"senderSigningKey":{"public":"BZW08FZ5Z1rqfF3Ib+3czpJJPROPGvVDNosQGgmXvPpX"},"senderMessageKeys":[]},{"senderKeyId":819720917,"senderChainKey":{"iteration":13,"seed":"9YG38MoPP9MljiqpqYTSvpiM7CwUm5G/+PTd5dyHrNU="},"senderSigningKey":{"public":"BZW08FZ5Z1rqfF3Ib+3czpJJPROPGvVDNosQGgmXvPpX"},"senderMessageKeys":[]},{"senderKeyId":819720917,"senderChainKey":{"iteration":13,"seed":"9YG38MoPP9MljiqpqYTSvpiM7CwUm5G/+PTd5dyHrNU="},"senderSigningKey":{"public":"BZW08FZ5Z1rqfF3Ib+3czpJJPROPGvVDNosQGgmXvPpX"},"senderMessageKeys":[]},{"senderKeyId":819720917,"senderChainKey":{"iteration":13,"seed":"9YG38MoPP9MljiqpqYTSvpiM7CwUm5G/+PTd5dyHrNU="},"senderSigningKey":{"public":"BZW08FZ5Z1rqfF3Ib+3czpJJPROPGvVDNosQGgmXvPpX"},"senderMessageKeys":[]},{"senderKeyId":819720917,"senderChainKey":{"iteration":13,"seed":"9YG38MoPP9MljiqpqYTSvpiM7CwUm5G/+PTd5dyHrNU="},"senderSigningKey":{"public":"BZW08FZ5Z1rqfF3Ib+3czpJJPROPGvVDNosQGgmXvPpX"}}]